标题,观看量,弹幕量,上传时间,up主
[小甲鱼]零基础入门学习Python,840.6万,18.6万,2016-03-09,IT搬運工
Python教程_600集Python从入门到精通教程（懂中文就能学会）,506.4万,11.0万,2017-09-05,黑马程序员-
十分钟！彻底弄懂Python深拷贝与浅拷贝机制,678,2,2020-04-06,爱可可-爱生活
【千锋教育】Python 900集（学完可就业/2019版）,31.9万,2.0万,2019-09-27,千锋教育
python教程2019版 6小时完全入门 并且达到能开发网站的能力 目前最好的python教程 （含中文翻译）,25.0万,1.1万,2019-11-16,分享好东东
21天python从入门到高手（花钱购买的，分享给大家免费学习）,6.2万,94,2020-02-18,DMSUN
【Python教程】《零基础入门学习Python》（小甲鱼）,95.1万,2.9万,2018-07-26,鱼C-小甲鱼
这回真秃了，我斥巨资报了编程课，零基础学Python靠谱吗？,9.9万,1339,2020-03-19,杨舒惠
Python教程2019版 700集完全入门 达到Python工程师水平,6.8万,561,2020-03-03,王小小额
当你学会python是什么感觉,1.2万,25,2020-03-23,PLAY-PROGRAM
Python爬虫技术5天速成（2020全新合集）,4.0万,647,2020-03-21,IT私塾
【Python教程】《零基础入门学习Python》最新版（小甲鱼）,65.4万,1.2万,2019-05-11,鱼C-小甲鱼
2020 黑马Python全栈就业班全套 更新中...,1313,2,2020-04-01,蓝翔毕业的程序员
编程入门｜我如何30天自学python入门｜自我赋能,5120,13,2020-03-10,花梨解解
Python爬虫实战教程：批量爬取某网站图片,8.3万,1428,2019-11-13,python学习者
Python编程 从入门到实践 演示视频-已获出版社授权,39.1万,1491,2018-11-10,Master_lisa
Python开发工程师630集全套视频（完整版）,12.4万,1105,2020-02-18,学IT的小朋友
软件工程—Python—清华大学,9.3万,127,2019-12-27,smile淦
【2020版Python3.8教程】python入门零基础动画编程学习最新版（大熊课堂）,5.6万,1335,2019-07-10,老冯feng
96天从小白炼成PYTHON开发大神-(2020同步更新),15.0万,4119,2020-01-22,过气网红_金角大王Alex
喵大：python3.8极速入门到实战 | 讲重点 | 不废话,8.0万,1402,2020-01-12,我是喵大
2019全新Python入门/Python自学/PYTHON3/Python从入门到精通,44.5万,1.8万,2019-07-17,传智博学谷
千锋python全套视频教程，400全集，史上最经典,86.3万,2.0万,2018-02-23,java世界第一
黑马程序员 - python就业班后续教程 ( 实时更新 ),4.2万,1060,2019-10-21,程序员小草帽
Python全套视频教程（700集）,14.5万,1056,2020-02-22,it民工233
Python编程：正则表达式,3318,41,2019-09-06,白月黑羽Python
清华学霸尹成Python27天从基础到精通（无水印，附有课件）,4.6万,281,2020-02-13,最后的肯麦基
今天学到了python自动填Excel表格,3.5万,8,2020-02-01,DD小鹏
11周精通python计划（完结）,1.8万,71,2019-11-29,陡斗抖兜派Then
【公开课】Python股票自动交易从零开始~,7.0万,398,2018-06-08,灿灿博闻最棒了
python游戏脚本制作（游戏游戏你长大了，你要学会自己做日常了）,5.1万,197,2019-03-27,公孙秒秒秒
2019年python从入门到精通【19天全】,8.7万,2385,2019-10-06,站在巨人的肩膀
Python爬虫实战：全国疫情监控如何实现？Flask搭建web/Echarts可视化大屏/MySQL数据库/Linux项目部署与任务定时调度,2.4万,198,2020-02-19,东方瑞通
【Python】这可能是你见过的最简洁最没有废话的Python教程,36.4万,2550,2016-07-07,shr1992
"万恶老板丢给我excel让我可视化，幸亏会python,自动化办公速学，学会这骚姿势，加班？不存在的！",9.2万,526,2020-01-15,IT-哆哆
【一起啃书】Python编程从入门到实践,14.7万,1690,2019-05-08,致敬大神
Python爬取数据并进行可视化展示,13.8万,138,2018-03-03,嗨学Python
【python】美女老师在线教学---数据分析,1.4万,56,2020-03-07,彼尔姆的熊
python自动化办公-小白到进阶（excel，word，PPT，简单爬虫等等）,3.3万,51,2020-03-17,小虫_jiabao
"总结利用python赚钱方法,在空闲时月入5000+！",10.0万,22,2020-03-19,it小旭
基于pycharm python从入门到项目实战,11.2万,2906,2019-03-11,一只没梦想的桔子
自从学会了Python，我从来不为看什么电影发愁，好看的，付费的，百度不到资源的全部一网打井！,55.9万,3624,2018-09-14,轻松学Python
用Python自动办公，做职场高手（python处理word，excel，ppt，web，邮件）,16.8万,1041,2019-12-31,偶尔也读书
2019 Python全套视频教程，史上最经典（193集）,15.1万,1863,2019-07-30,糖醋小鱼干儿丶
七天学会Python，简而精,23.7万,1.2万,2018-09-13,隔壁家de老刘
Python从入门到高手（内部资源-配学习资料）,2.2万,49,2020-03-07,学IT的小暖
北邮《Python编程与实践》课程 (2020),1.5万,257,2020-02-27,爱可可-爱生活
2020-Python-全栈高级工程师22期 基础+就业班全套课程,2.3万,150,2020-01-14,你的学习书单
墙裂推荐最好听懂的python教程，不要错过，听不懂我吃键盘,2.5万,650,2020-02-16,风之云轩
Python Django + Vue 框架构建 RESTful API 服务,1277,5,2020-03-28,风之小云天
【Python】初学者完整教程 (强烈推荐！！),12.2万,956,2018-09-08,Arc_en_ciel
【Python最强教学】Python for Everybody 中英双字幕,19.5万,859,2019-06-22,小美手
【Python入门课】最容易听懂的 Python 零基础入门课,12.4万,1358,2018-05-20,TenSanTOT
【Python玩转excel】清晰版,7809,20,2020-03-26,邻家小女爱数分
【Python网络爬虫与信息提取】.MOOC. 北京理工大学,65.1万,1.7万,2017-04-12,子尃
用Python写个LOL的脚本（秒切黄牌的实现）,8.4万,142,2020-02-20,博得凶
最新Python3零基础编程（基础+爬虫+数据分析）史上最牛的老师讲课你一定值得拥有,2.6万,0,2019-10-27,MOOC世界语言
【Python和excel在一起啦】,2.7万,39,2020-03-01,邻家小女爱数分
2019 Python教程400集 不定时更新！,33.5万,1.0万,2019-04-23,浅誯
Python 人脸识别,5071,9,2020-03-23,POUR_OVER
Python人工智能全套,1.8万,17,2020-03-24,嘻嘻有料
这可能是史上最全的python学习路线图了,1.1万,8,2020-03-26,guran0719
python 进阶技能,2707,0,2020-03-08,Jsonlocker
【千锋】Python视频教程-Python爬虫全套（价值8980元）,2.6万,199,2020-02-02,学IT的小暖
2019年python深入浅出进阶教程【黑马程序员】,8.2万,1066,2019-06-17,黑马程序员-
【python教程】数据分析——numpy、pandas、matplotlib,20.4万,5531,2019-06-27,luvm的小屋
Python 图像处理,4457,0,2020-03-23,POUR_OVER
python自动化办公,2.9万,104,2020-02-15,梦乡尘子
Python基础入门到高级项目实战全套视频教程（持续更新中。。。。。。）,3.7万,215,2020-02-07,码出未来
【人工智能/Python/编程】AI人工智能+Python全栈+大数据分析精品就业班 第01阶段-基础必备篇 Python基础快速入门,10.4万,489,2019-02-08,我是学习小先锋
2020最新全套Python数据分析师训练营震撼完结版,8505,12,2020-03-19,云开财经
Python金融实务从入门到精通,2.4万,212,2019-08-23,brown123
"Python63行代码实现俄罗斯方块!史上最简!无lambda函数,无import文件关联,刷新个人记录!(玩得依旧很蔡)",34.5万,293,2019-06-13,Trix_
【最新】北京理工大学嵩天教授的Python语言程序设计课程,9.0万,3545,2019-08-02,大大鹏I6
Python3网络爬虫(知了课堂),9.8万,3715,2019-02-24,神奇的老黄
5分钟用Python爬取天气数据,4191,4,2019-09-15,蚂蚁学Python
3年Python程序员谈Python | 推不推荐学Python | 就业分析 | 除了Python还应该会什么 | Python程序员如何提高竞争力,16.8万,519,2019-09-22,是落拓呀
【Python】从入门到入狱,266,1,2020-04-05,工业魔方
国家精品公开课——Python数据分析与可视化,2.7万,399,2019-12-31,机器学习与Python实战
2020年Python数据分析师特训营全套84节视频完结版（就业向/零基础友好）,8.3万,1877,2020-01-03,云开见明教育科技
左手Excel，右手Python，轻松入门数据分析!,6127,1,2020-03-11,蜗牛学院
为什么我不推荐学Python去找工作?为什么只会Python很难找到工作?在职程序员聊聊Python岗位的一些情况|视频教程,40.3万,1220,2019-07-25,CodeSheep
老男孩Python全栈开发29期全套(2020年3月开班)-同步更新,1.3万,235,2020-03-05,程序员_Egon_爱根老师
零基础自学编程，不要学Python！| 推荐 2019 年适合学习的编程语言,19.5万,446,2019-05-28,阿磊谈自学
python数据结构与算法系列课程,14.8万,3017,2018-04-02,woshigzp
【Python/图形自动化+钉钉】自动登录钉钉打开老师直播,346,2,2020-03-19,GALACTIC坐井觀天
【Python爬虫】新手强烈推荐：Python爬虫教程，学爬虫这一套就够了,4.6万,1271,2019-12-13,考研拼课屋
Python自动化操作Excel表格,6159,0,2020-03-09,老王家的王小白
5分钟学会Python爬取整个网站,8.3万,151,2019-09-06,蚂蚁学Python
【python】开源油管vtuber直播即时翻译脚本,1.8万,25,2020-03-05,东瀬 まつり
老男孩教育python全栈15期(145天全),12.7万,1605,2019-05-03,保护我方狄仁杰
"尚硅谷Python零基础入门教程全套完整版(自学Python,资料齐全)",7.5万,2376,2018-08-20,尚硅谷官方
【尚学堂.百战程序员】高淇 Python 400集 （完结） #新版,6.1万,1562,2019-08-22,逆风微笑的代码狗
为何要劝小白不学python,6879,22,2020-03-29,程序员_Egon_爱根老师
Python 基础教程,4767,15,2020-03-29,POUR_OVER
Python黑客编程,2.7万,20,2020-03-25,黑客教程
【程序员吐槽大会】Python才是世界上最好的语言,9.8万,170,2019-11-13,享学编程
【千锋教育】Python 从入门到入坟 900集（学完可就业2019版）,4.9万,442,2019-11-09,萧曵__
清华学霸尹成Python爬虫（无水印，有课件）,3.7万,35,2020-02-29,最后的肯麦基
Python + Selenium Web自动化 全套教程,4.9万,974,2019-08-19,白月黑羽Python
Python数据处理与分析,4746,0,2020-03-14,不怕钢叉的猹
python3带你玩转excel--工作党福利--（评论区附有课件和代码）,1.9万,71,2020-02-14,plusyou13
用Python感受编程之美,3.7万,11,2020-01-30,教室工作室
Python GUI与坦克大战,2949,2,2020-03-23,POUR_OVER
代码讲解《Python for Finance》-- PART03,2468,0,2019-09-29,股神回忆录
【慕课】Python语言基础与应用-北京大学-陈斌-字幕校对,5.4万,369,2020-02-10,chbpku
三体运动模拟（含行星） | python+manim制作,22.6万,1525,2020-03-08,cigar666
2019 Python3.7零基础入门【初级】（含课件和代码）,4.1万,716,2019-12-22,Lei_ZM
边学python边赚钱的3种方法,9647,3,2019-10-30,HackWooder
Numpy &amp; Pandas (莫烦 Python 数据处理教程),33.9万,5477,2017-11-16,莫烦Python
为什么很多公司放弃了python转而使用golang？,2.1万,41,2020-03-31,丁哥开讲
买的python学习课程 免费分享啦 python入门课程 python编程,2475,12,2019-09-08,reputation_渡
2019最新Django全套教程【千锋Python】,9.0万,3523,2019-07-02,千锋教育
全民一起玩Python完整版【最幽默风趣的Python教程没有之一】,6.6万,840,2020-01-28,嘻嘻有料
@微软官方推出的#Python教程【开眼看世界，最适合的可能就在身边】,10.9万,456,2019-10-22,鱼C-小甲鱼
371集带你学会Python教程|传智播客,4.2万,467,2019-06-10,传智播客
【Python】B 站 审 核 现 状,1.8万,115,2020-03-12,东北大学Action实验室
Python编程基础及应用,18.6万,3360,2018-10-22,海洋饼干叔叔
Python教程 - 6个项目，Python从入门到进阶系列课程【硬核Python，Python入门，Python实战，Python零基础】,4.9万,735,2020-02-23,麦叔编程
Python Numpy,3884,4,2020-03-22,POUR_OVER
【老男孩教育】2020年Python全栈 900集（就业班）,3.5万,82,2020-01-10,逆风微笑的代码狗
2019年python匠心之作系列教程从0到1学会编程,13.4万,3819,2019-06-06,黑马程序员-
利用Python实现微信机器人,1924,0,2020-03-09,老王家的王小白
【唐宇迪】Python数据分析与机器学习实战已完结 2.26开始更新,5.5万,872,2019-02-27,攻城狮之家
Python Qt 图形界面编程 - 白月黑羽出品 - PySide2 PyQt5 PyQt PySide,2.1万,179,2019-11-24,白月黑羽Python
Python 爬虫从基础到实战,5589,20,2020-03-29,POUR_OVER
Python 进阶视频,2104,1,2020-03-29,POUR_OVER
清华计算机博士带你学-Python金融量化分析,5.5万,807,2020-02-10,路飞学城小媛老师
Python数据可视化详解大全-从简单到完善到高级设置（Matplotlib/Seaborn/Plotly/常用统计图形）,2.9万,56,2020-01-10,云开见明教育科技
【用Python处理Excel数据，中文全基础系列教程】,8.7万,425,2019-06-07,说到做到的橙橙橙
python全栈工程师全套视频教程 B站时间最长的python教程,12.5万,611,2019-03-24,逆风微笑的代码狗
Matplotlib Python 画图教程 (莫烦Python),15.6万,2027,2017-11-16,莫烦Python
【沈醉】00后小姐姐竟然当了程序猿！菜鸡python实习生真实的一周【vlog】感叹秃头996生活不值得,32.5万,476,2019-07-20,英俊的沈醉
Python全栈（老男孩4期）Django框架入门到应用,10.4万,1117,2018-04-26,CatorJ
[MIT] 计算机科学导论和python编程 (双语字幕) Programming in Python,9.9万,133,2019-07-22,Reindeer丨
Python大佬带学生看妹子图，并用Python多线程采集整站资源！,255,3,2020-04-03,Python编程语言
北京大学2020最新公开课：数据结构与算法Python版（更新中）,8416,13,2020-03-23,机器学习与Python实战
01: Python初识 | Python入门灵魂三问 | 零基础学Python,431,4,2020-04-04,Se7en柒_Nick
Python3机器学习【小白勿入】,1.9万,169,2020-02-27,嘻嘻有料
python数据处理与展示 北京理工大学【国家精品课程】,4283,4,2019-08-24,中国机械工程学会
Python+OpenCV入门教程,451,0,2020-04-03,PS学习社
【一起啃书】用Python实现自动化办公,7712,17,2020-03-30,致敬大神
【Python-零基础入门】2020感谢走进我的生命，Python！（已更新至240集）,2.4万,104,2020-03-05,杨哥天云
【麻省理工学院】Python编程和计算机科学导论公开课（中英字幕）,6.5万,158,2019-11-27,Python爬虫人工智能
【机器学习】菜菜的sklearn课堂【全85集】Python进阶,2.8万,147,2019-12-30,菜菜TsaiTsai
千锋python教程：Django基础到实战讲解（精华版）,24.1万,5990,2018-01-02,千锋教育
Python自动化操作Word,4359,0,2020-03-08,老王家的王小白
Python 基础教程 (莫烦 Python 教程),31.4万,5646,2017-12-04,莫烦Python
（全）基于python的Opencv项目实战,2.6万,663,2019-11-29,啥都会一点的研究生
Python零基础入门学习2020最新版（SiKi学院） - 第一季,6.9万,2298,2019-10-24,siki学院
【python爬虫_从入门到精通（高级篇）】scrapy框架、反爬、分布式爬虫,5.2万,1619,2019-07-05,luvm的小屋
Python金融量化分析14天入门,5665,18,2020-03-20,过气网红_金角大王Alex
8天搞定Python爬虫开发,3029,12,2020-04-03,过气网红_金角大王Alex
众所周知，Python是不能做鬼畜的，尤其是蔡徐坤打篮球,13.1万,461,2020-03-04,先知-6047-
OpenCV计算机视觉实战(Python版),3533,14,2020-03-26,张奇MAX
如何利用Python爬音乐，付费的你觉得可以吗？,414,0,2020-04-03,python数据分析
华为大佬7天带你入门python自动化测试—selenium自动化，appium自动化，app自动化，接口自动化，jmeter性能测试,10.9万,2177,2018-11-02,松勤软件测试
预热python硬件,594,0,2020-04-04,xiaowang老师
60行python代码，跑出6000字废话，是怎样登顶GitHub热榜第一的？,8.5万,200,2020-02-09,苏苏思量
为什么推荐你学python，而不是java、php、c++，坚持完30秒你就懂了,966,5,2020-04-03,IT-哆哆
(北京理工大学)python数据分析与展示[Numpy、Matplotlib、Pandas],3.4万,586,2019-10-24,啥都会一点的研究生
python网络爬虫入门与实战（新手强烈推荐）-- 内含全套视频，代码，课件资料,2.4万,177,2019-08-17,程序员小凯
《Python语言程序设计》 国家二级Python辅助教程,4.8万,837,2020-01-04,xiaowang老师
【基于python的大型同人游戏】少女前线-遗愿演示视频,2.0万,37,2020-02-13,萌萌哒的洛小星
python+opencv3.3视频教学 基础入门,22.8万,7048,2018-06-16,Jai_wei
Tensorflow 搭建自己的神经网络 (莫烦 Python 教程),87.0万,1.1万,2017-11-04,莫烦Python
人工智能Python网络爬虫机器学习深度学习基础班+就业班+项目实战全栈课程+资料,287,0,2020-04-05,蓝精灵永恒
数据结构与算法Python版-北京大学-中国大学MOOC(慕课),3.4万,757,2019-09-14,HdUIprince
Python趣味教程：你尝试过让Python代码替代你玩游戏吗？,588,1,2020-04-03,Python编程语言
Python爬虫总是IP被封？试着学下这个IP代理池教程吧！,1078,1,2020-04-02,Python编程语言
当我想用Python去解决高数题的时候，我发现我错了,972,6,2020-04-05,Java_S
强化学习 Reinforcement Learning (莫烦 Python 教程),27.2万,2356,2017-12-03,莫烦Python
Python 数据库实战,1549,1,2020-03-29,POUR_OVER
PyTorch 动态神经网络 (莫烦 Python 教学),37.9万,4802,2017-11-04,莫烦Python
【秦路】七周学会数据分析|良心教程（数据思维/统计学/excel/数据可视化/sql/python）,2.2万,125,2019-12-31,marketing小黑工
【Python魔法】另一个困扰了b站多年的问题（基于BFS自动寻路贪吃蛇）,142.1万,1865,2019-06-24,幽蓝伊梦
【Windows音mad】今宵是飘逸的操作系统（Python脚本演出）,3.0万,232,2020-02-21,LT-TH
【Python三大库学习入门】Numpy，pandas，matplotlib,3191,0,2020-03-25,邻家小女爱数分
【教程向】手把手教你用Python下载网易云音乐歌单#妈妈再也不用担心我没歌听啦！(不要错过),1.8万,56,2020-03-06,jarvan先森
Python大佬秀操作，通过一张照片实现GPS定位女友位置！,5151,10,2020-03-27,Python编程语言
【PYTHON入门】从零基础到6款游戏（简介有代码）,2781,12,2020-04-01,胶皮睿
microbit Python编程-2-LED显示屏,271,0,2020-04-03,chbpku
【课程】数据结构与算法Python版-北京大学-陈斌-10-直播课堂-递归动态规划双周小结,2401,0,2020-03-27,chbpku
【编程教室】Python中的__name__与__main__,4227,11,2019-08-27,幽蓝伊梦
[DISTANCE]一小时入门C4D PYTHON系列：python技能树第一部分 - 数据类型,1.7万,45,2020-02-24,JACKADUX
Python快速入门 第一讲 开发环境~~~,166,3,2020-04-04,家境贫寒的柯南酱
Tkinter 做简单的窗口视窗 (GUI 莫烦 Python 教程),12.4万,1400,2017-12-04,莫烦Python
"程序员宝库,开源社区GitHub到底该怎么玩 |如何玩转Github |Java/Python/C语言/C++开源项目聚集地",12.5万,507,2019-05-21,CodeSheep
喵大：python3.8超爽新功能,4.9万,173,2020-02-01,我是喵大
利用python编程语言做游戏逆向？亏这位大佬能够想的出来！,660,1,2020-04-03,Python编程语言
金融科技工具箱——面向经管金融同学的Python、爬虫、机器学习课,1.9万,215,2019-10-24,无机言nokay
零零后程序员 -面试高级Java开发工程师-经验分享 Java|Python |PHP| GO |分享,4080,15,2020-03-28,全栈小刘
女码农改行up主后为何重操旧业？100行Python代码自动拉取视频播放量 |【编程教程系列01】持续更新ing,7.8万,158,2020-01-07,苏苏思量
给女码农500块钱，如何用20行python代码，预测考研结果 |【编程教程系列02】持续更新ing,4605,111,2020-04-02,苏苏思量
Python最好的IDE：VS Code,4355,29,2020-04-01,麦叔编程
【闲视】Python教程:使用Python-OpenCV实现二维码扫描,600,7,2020-04-03,汝等看好我是你乔哥
视频演示如何玩转一个开源项目 |如何运行+如何读代码 |顺便讲讲IDEA和Spring Boot |Java/Python/C语言/C++项目均适用 |视频教程,11.8万,920,2019-05-28,CodeSheep
【超炮3 OP Final Phase】Python字符画 | 众所周知，老婆们的本质就是一堆数据(狗头保命)...,350,2,2020-04-03,吃薯条要蘸蓝莓酱
打造最适合自己的vscode，写出规范化代码，从这几个基本概念开始 | 大厂vscode使用情况 | python | javascript,3.0万,104,2020-02-23,是落拓呀
资源分享视频001（你想要的三体和python我都有）,586,2,2020-04-03,平平无奇小小周
【文科妹子爱编程】B站究竟有多少博士UP主？文科女博士零基础自学python爬虫一周成果,5.4万,128,2020-01-03,王大可bu是学霸
用Python开发双人对战乒乓球小游戏,5.6万,112,2019-12-28,麦叔编程
【技术分享】利用Python制作动态疫情地图 || 疫情数据可视化（数据截止2020年3月12日）,1.1万,12,2020-03-14,莫须臾w
培训了python真的年薪40万吗，老程序员回答10个问题,4.1万,69,2020-02-07,我是程序汪
UP原创的、不受欢迎的《负基础Python教程》,10.4万,3354,2019-01-24,偶尔有点小迷糊
微信词达人python辅助答题，简介处下载,152,3,2020-04-04,一惭何知夏
"nodejs,go,python,php这些后端技术哪个更有前景更有前途呢？",500,1,2020-04-04,丁哥开讲
Excel+Word+PPT全自动办公Python教学，学会从此不加班,1.5万,4,2020-02-15,快乐学习盯
[最新2020春季深度学习课程]使用Python3、Tensorflow2与Keras学习深度学习（强推！）,7354,10,2020-03-03,啥都会一点的研究生
纯Python实现CNN识别手写体数字+GUI展示 MNIST数据集【附源码】,2.1万,8,2020-02-07,HamlinZheng
Python数据分析师特训营全套84节视频完结版2020,4843,0,2020-03-17,卡里嘎多li
esp8266 接入腾讯QQ 教程 云服务器 python,9823,14,2020-03-15,树莓的小创意室
python爬取虎牙主播，免费爬些想看的东西，咳咳,5.2万,76,2020-01-15,IT-哆哆
2020年Python系统性入门基础20讲视频完结版兼答疑服务-手机端观看友好/小白零基础友好,2.3万,184,2020-01-09,云开见明教育科技
大白话Python爬虫教程—真正小白能听懂的爬虫入门教程！,303,0,2020-04-04,是轲轲呀
【新年推荐】Python自动化办公，办公自动化做职场强人完整版,2.4万,43,2020-01-23,嘻嘻有料
30个小时搞定Python网络爬虫（全套详细版）,4646,56,2020-03-20,希望星选
三分钟学会python和matlab交互,1.5万,39,2020-02-17,MTC_Follower
【文科妹子爱编程】自学python爬虫第三周 继续爬B站 附源代码,3.1万,82,2020-02-08,王大可bu是学霸
2020千锋Python入门视频全套全开源（最新版）,2530,28,2020-03-28,千锋教育
嫌每天给心上人打起床电话太麻烦？可以用树莓派+Python自动操作，老乡直夸当暖男省力多了,3.6万,39,2020-01-19,命叔炸机
[GTAV]名钻python光速破解 赌场游戏爬着走,4.3万,27,2019-12-20,Yuandiaodiaodiao
python数据结构与算法,123,0,2020-04-06,跟着Phoenix学Python
Python全套视频教程，史上最经典,1.8万,55,2020-02-12,快乐学习的代码狗
从零开始，编程制作一个五子棋游戏！【Python】,5.1万,83,2019-10-07,Halo_O_Wang
35行python代码100万？人工智能就这么光速入门了,2085,11,2020-04-01,小波说xiaoboswift
【manim】使用Python编程一次性搞定全部七声音阶,2586,1,2020-03-29,ykykyukai
Python400集（第一季）,20.8万,1521,2018-07-18,vecjt
【零基础学Python】老九零基础学习编程系列之四 老九学堂徐嵩老师主讲,1.2万,385,2020-02-25,老九学堂
Python面向对象，从农药到吃鸡，全面掌握Python面向对象,7445,224,2020-03-05,麦叔编程
澳大利亚网友养的地毯蟒（Jungle Carpet Python）吞下整条沙滩巾，及时带到了兽医诊所并成功拉出,1.4万,16,2020-03-16,YouTuber精选
每天半小时，一个月搞定Python爬虫,4302,5,2020-03-16,小虫_jiabao
"互联网圈顶级流量,你不了解的Python的前世今生,负门槛科普",1.5万,392,2020-02-01,冬至饮雪
Python 并发编程,3586,0,2020-03-22,POUR_OVER
英语老师看了想打人：使用Python自动完成新理念测试是什么体验？,5.0万,42,2019-12-20,秋壳壳儿
opencv 眼球追踪 python 小白学习机器视觉,8217,6,2020-03-18,树莓的小创意室
Python黑客编程之web层安全,1.4万,32,2020-02-03,白帽子搞安全
Python3高级编程,2126,3,2020-03-28,踏雪寻梅花喵
【尹成学院】Python3 从菜鸟到高手 #清华大牛尹成老师主讲,4404,9,2020-03-18,逆风微笑的代码狗
Python+Anaconda+PyCharm的安装和基本使用【适合完全零基础】不只是教你如何安装，还告诉你为什么这么安装,1.1万,70,2020-02-22,ljp_summer
Python从负基础到入门（一）给Python安个家,2.4万,217,2019-12-06,偶尔有点小迷糊
在手机和平板上也能用Python编程了？ | Pythonista软件介绍 | 移动端编程的意义,5.6万,65,2019-11-16,爱学习的大超-
《跟着孙兴华学习Numpy基础》python Numpy 教程,58,0,2020-04-06,孙兴华zz
Python Matplotlib,3316,0,2020-03-22,POUR_OVER
用Python画了一支红小豆PV！【海伊】助唱【请吃红小豆吧】第三季op,2.3万,79,2020-02-07,醤醤醤醤酱
【沈醉】大二python实习生接受社会毒打vlog走出舒适圈痛苦996,12.5万,250,2019-07-27,英俊的沈醉
用Python的turtle库爆肝一只小狐狸,1.4万,45,2020-02-27,苏梧兰
Python为什么用起来这么顺手,3226,13,2020-03-26,盛栀橙
Python 数据结构与算法,2820,1,2020-03-23,POUR_OVER
Python 处理 Excel,1.9万,59,2020-02-07,白月黑羽Python
Python数据分析之Numpy/Pandas/Matplotlib/Seaborn/【大全】数据获取清理可视化,2.2万,53,2020-01-07,云开见明教育科技
浙江大学_Python程序设计(合集),1.8万,90,2020-01-22,学工科的皮皮志
Python Web开发之Django美化-使用SimpleUi,9590,9,2020-03-12,菜鸡国光
树莓派变视频监控(python方案),6568,13,2020-03-09,_jufeng_
填一下第三期Python视频的坑，顺便聊聊诗和远方,1.5万,214,2020-02-03,冬至饮雪
PYTHON爬虫10分钟速学系列教程【老陈打码】,8632,53,2020-03-04,老陈打码
143分钟入门python，最简单的科普教程！,3096,24,2020-03-22,5分钟学习
Python 人工智能和聊天机器人实战,2834,3,2020-03-22,POUR_OVER
2018年最新Python3.6网络爬虫实战,27.7万,6472,2018-02-03,神奇的老黄
(全)基于Python的机器学习经典数学与算法知识讲解,3812,3,2020-03-16,啥都会一点的研究生
赚钱难？小白也可以，用python做股票预测分析交易，躺着赚钱的副业,1.5万,156,2020-02-10,IT-哆哆
【Python游戏】1小时开发飞机大战游戏-Pygame版本【课程编号210】,1.3万,128,2020-02-13,麦叔编程
在家无聊写了一个视觉检测戴口罩程序，基于OpenCV和Python的戴口罩检测程序,1.8万,24,2020-02-09,云敬山
Python全系列教程全栈工程师,5.0万,203,2019-06-08,Nightwalks-Film
Python数据分析实战——股票市场分析,8304,6,2020-02-26,万物皆可花椒油
老男孩Python全栈开发29期全套(2020年3月开班)-同步更新,2580,10,2020-03-24,小猿取经
Python 神经网络(TensorFlow),2644,4,2020-03-23,POUR_OVER
这可能是你能听下去的python系列课，声音性感，代码风骚,1.2万,19,2020-02-13,IT-哆哆
原价699元的30个小时搞定Python网络爬虫,6.9万,1313,2019-06-23,爱笑的程序狗
中国石油大学（华东）Python基础课程系列,1.5万,45,2019-10-18,中国石油大学华东
Python也能控制单片机？MicroPython了解一下。,5.6万,88,2019-09-21,Nice子杰
Python处理Excel一列变多列,2244,6,2020-03-28,蚂蚁学Python
30分钟搞定 vscode 和 python 开发环境搭建,2739,10,2020-03-24,凸头统治地球
疫情结束在家待业？教你用Python批量爬取某钩网站招聘信息，快速筛选出自己心仪的工作！,1855,15,2020-03-30,python学习者
北京大学-数据结构与算法Python版,5646,12,2020-02-27,码出未来
从零开始创建一个简单的Python小工具 PART II 【NUKE教程】,374,0,2020-04-04,烈焰VFX
2020最新Python爬虫开发入门,3084,15,2020-03-20,程序猿不秃头
Python3快速入门数据分析,8209,11,2020-02-15,洺宇吖
Python从负基础到入门（二）：显示字符画,1.7万,233,2019-12-20,偶尔有点小迷糊
2019年前3编程语言推荐 | 转行计算机语言推荐 | top3编程语言 | python | Java | C++ | Golang | Javascript,5.0万,407,2019-10-18,是落拓呀
录课翻车实录！正片里被剪掉的那些尴尬场面~《Python编程与实践》意外集锦~,2350,12,2020-03-30,爱可可-爱生活
Python 网络编程,2708,3,2020-03-22,POUR_OVER
微软Python编程入门教程,4224,8,2020-03-15,爱可可-爱生活
五分钟学会使用PYTHON爬取全网妹子图,1.6万,47,2020-01-29,土豆键盘
每天10分钟学会python自动化办公,4445,5,2020-03-14,小虫_jiabao
python全栈开发（入门到放弃）,27.2万,9563,2017-08-23,CatorJ
"用Python写外挂?凭本事写的代码, 怎么能够算外拐作弊呢? 用python找出色差",2.3万,9,2020-02-02,史上最不正經的生物狗
【python办公自动化】给非程序员看的教程,1.3万,22,2020-01-27,明明很爱你-
Python数据分析四大企业实战项目详解,1.5万,31,2020-01-04,云开见明教育科技
Python 函数式编程,2202,2,2020-03-22,POUR_OVER
2020Python数据分析师特训营,8361,5,2020-02-12,淡然小哥
Python Tornado 项目实战,1412,3,2020-03-28,POUR_OVER
初学python者最容易产生的误解 | 无废话5分钟快速解释,6154,10,2020-03-09,DavyCloud
【千锋教育】Python全栈+人工智能 就业班 （共六个月课程）,6403,13,2020-03-02,逆风微笑的代码狗
"计算机网络该怎么学 |面试题分享 |程序员面试必问 |互联网,通信公司常问 |java,python,c++等校园招聘开发岗位都会问",5.3万,379,2019-06-11,CodeSheep
全国计算机二级Python科目基础知识教程,10.7万,7333,2019-01-20,悦焱
Python入门必备经典基础教程,123,0,2020-04-04,大圣0611
【哈尔滨工业大学】 高级语言程序设计（Python）-车万翔老师,1687,0,2020-03-28,逆风微笑的代码狗
python人工智能,5485,6,2020-03-02,Tom_Jary
Python爬虫实战 -  抓取B站热门排行榜,7812,145,2020-01-30,麦叔编程
Python Django 在线课堂项目实战,2913,0,2020-03-22,POUR_OVER
【详细教程】8266万能显示器详细部署教程 支持任何视频 Python上位机+ESP8266/ESP32+0.96OLED即可制作,8789,7,2020-03-01,梦程MI
当你放弃C语言而去学Python是什么感觉？,13.5万,250,2019-03-07,偶尔有点小迷糊
【IT】Python从入门到放弃（2016）【全】,21.5万,3749,2017-01-15,庄七
使用Python完成自动发送邮件,216,0,2020-04-03,路飞学城小媛老师
2020年面试刷题leetcode必备数据结构与算法基础【基于python3】（线上1.8万培训课程，授课老师清华博士）,3858,3,2020-03-15,老虎队队长
python之pandas玩转excel,8144,28,2020-02-24,玄枵思意
零基础python入门(2019),8.8万,721,2019-02-28,二进制学院
从0开始语音识别（附带讲解内容）Python,2.3万,196,2019-11-05,kingback2019
Python爬虫 廖雪峰,5.0万,181,2019-09-17,_山园小梅
Python 语音识别,2310,0,2020-03-23,POUR_OVER
【如何一张图学会Python】有故事的32行代码，深入浅出7分钟精讲,3.8万,42,2019-08-27,凯威老师在讲课
python爬虫-网易云音乐评论-周深-达拉崩吧,1572,0,2020-04-01,龙王山小青椒
python编程基础入门【廖雪峰】,4602,15,2020-03-16,放羊Wa
python分布式爬虫打造搜索引擎,7494,22,2020-02-09,哔哩虾仁儿
Python爬虫实战开发视频教程,8099,22,2020-02-08,码出未来
用Python开发迷宫游戏，玩转Python面向对象「难度 L3」,1.4万,46,2020-01-18,麦叔编程
适合饭圈女孩学习的Python教程——Allen Python01,5915,20,2020-02-27,许宣小可爱
写Python装饰器的套路 | Python 进阶,1140,3,2020-03-29,DavyCloud
2020年程序员做哪个方向比较好？Java、Python、前端还是算法？给准备入坑程序员的小伙伴们一些方向！,8588,23,2020-03-04,程序员黄小斜
茫然、迷惑！你离掌握python还差一个学习路线，含学习教程,7313,20,2020-02-28,IT-哆哆
到底该学哪种编程语言？哪些编程语言比较火？各种编程语言到底能干啥？|Java，C语言，C++，Python，JavaScript，Go语言等等到底能干啥,9.9万,1308,2019-01-22,CodeSheep
Java还是Python【你会选？？】,2.4万,93,2020-01-26,鱼C-小甲鱼
黑马Python从零开始学编程,1031,1,2020-03-30,张奇MAX
Python网络爬虫实战（新手最快1天上手）- (P1. 课时01：Python3-Pip环境配置),3285,2,2020-03-14,小虫_jiabao
数据结构与算法 完整解析 #Python版,3201,3,2020-03-14,逆风微笑的代码狗
【Python】初学者必学!四小时快速入门Python,4352,11,2020-03-11,大佬的迷弟的粉丝
零基础入门学习Python,5805,40,2020-02-27,其实仅仅
Python爬虫简明教程 最精炼的Python爬虫课 简明易懂,2.5万,26,2019-09-08,人工智能课程
【自制】想知道如何实现自动解数独吗？C语言+Python+manim多角度可视化流程（有字幕）,1.4万,46,2020-01-16,RY-Givenchy
Pelican Python framework静态网站生成工具,203,0,2020-04-04,afaty_ma
Python编程语言 2020年最新入门教程,1.4万,43,2020-01-27,程序员小灰
8天深入理解python,3947,4,2020-03-09,会飞的雨z
【Chenghsi Hsieh】《利用Python进行数据分析》适合初学者,1.9万,157,2019-12-26,扎列夫有
利用python提取骨骼动画教程,8.4万,117,2019-04-19,二进制学院
震惊！14岁少年用python编出直播弹幕玩MC Minecraft,19.3万,1906,2018-08-19,小墨boy
Python高级核心技术讲解,163,0,2020-04-03,风之小云天
21天搞定Python分布爬虫,2445,3,2020-03-15,Python与人工智能
【FGO】【Python】【AirTest】圣诞无限池副本,1.8万,16,2020-01-18,_蔚WuK
数据结构与算法（Python语言描述）——完整顺序版,6.2万,1366,2019-05-25,Lei_ZM
Python Django 网上商城实战项目,1173,0,2020-03-29,POUR_OVER
【manim试玩】如何证明勾股定理——第一次用python做视频,8245,14,2020-03-08,张云翼_channel
Python小技巧#1：__name__ == &#39;__main__&#39; 是做什么用的？,1.3万,29,2020-01-19,麦叔编程
十个必知的排序算法|Python实例系列[1],168,0,2020-04-03,Trix_
python实现GTA5自动驾驶,51,0,2020-04-05,aooligay
Python、PyTorch到TensorRT技术栈，第四课：TensoRT以及onnx插件实现细节,75,1,2020-04-04,WishFFF
Python开发教程：Python开发翻译软件，轻松帮你翻译英文,896,29,2020-03-26,极客夜读
Python从入门到项目实践,4558,6,2020-03-01,王山久丰
【路飞学城】老男孩Python全栈工程师 骑士计划（全套就业）,2.1万,119,2019-12-01,逆风微笑的代码狗
【机器学习实战】【python3版本】【代码讲解】,8.9万,659,2018-12-01,云雨偏蓝
【YOLOv3】基于Python的使用OpenCV实现YOLOv3,3262,0,2020-03-20,啥都会一点的研究生
Python3商业爬虫案例实战（28天完整版）,1.7万,127,2019-12-19,真全栈程序员
【Python 2018最新教程】（全200集）Python人工智能入门指南/数据分析课程,6.1万,848,2019-04-29,程序员之家
【计算机语言】零基础学python语言（北京理工大学）,15.4万,1977,2017-09-20,缥霖
Python 高级编程,221,1,2020-04-03,风之小云天
如何使 Python 程序快如闪电？,2107,1,2020-03-26,极客时间
python函数详解,2133,58,2020-03-23,麦叔编程
干货：程序员的职业规划-2020 |Vue |Java|Python| 职业瓶颈-视频教程,5193,16,2020-03-05,全栈小刘
Python语言程序设计_北京理工大学,7.4万,1049,2019-02-02,我秀Gu我在
【中文字幕】写给大家看的Python入门教程（四小时高清完整版）,4.6万,388,2018-10-28,趣味科普人文
【揭秘】通过BV号反推av号，站在巨人的肩膀上，开发了一个互转换工具 可以实现bv转av以及av转bv！Python+flask编写,2380,26,2020-03-25,moyi_tech
如何在手机上用Python编程,9800,1,2020-02-22,J0hnnyV1P
Python3基础+进阶，慕课网七月老师,180,0,2020-04-04,浪里小白龙oh
Python 协程和异步IO,1841,4,2020-03-22,POUR_OVER
每天半小时，一个月搞定Python爬虫（更新100-138）,2502,0,2020-03-17,小虫_jiabao
Python编程大佬被逼相亲，怒爬相亲网站，举办选美大赛！,731,5,2020-04-02,Python编程语言
python的GUI编程和tinkter，这个比较强，建议点赞和关注哦！,4216,4,2020-03-08,屠夫的女婿
【国家精品公开课】用Python玩转数据（Python3.x版）,1.3万,30,2019-12-23,机器学习与Python实战
Python竟然能读取Excel画出这么漂亮的折线图运营妹子看到直接哭了,2.7万,12,2019-12-05,蚂蚁学Python
适合小白学习，Python编程简单实现秒购脚本！,1328,9,2020-03-27,Python编程语言
需要女朋友嘛？一节课教你用Python在线找到自己心仪的小姐姐！,2691,9,2020-03-26,python学习者
Appium 手机 App 自动化 + Python,5341,35,2020-02-28,白月黑羽Python
[黑马程序员]2019python3.7从入门到入门（零基础）,8988,392,2020-02-18,椅梦人
从入门到精通——Python3商业爬虫实战,8775,50,2020-02-02,AIAS编程有道
python语言：七行代码实现疫情地图可视化--武汉，加油！！,1.8万,13,2020-01-28,with小七
说说为什么我不赞成新人学Python,11.0万,685,2019-02-13,孙老师非要尬聊
【最新Python3零基础编程（基础+爬虫+数据分析）】,2427,5,2020-03-14,邻家小女爱数分
如何使用 树莓派 与 Python 打造一个 B 站 UP 主小助手,8438,27,2020-02-21,喂你脚下有坑
Python零基础入门学习2020最新版（SiKi学院） - 第二季,2.1万,1468,2019-10-26,siki学院
00后python实习菜鸡女大学生平平(秃)淡淡(头)的一周vlog #暑期爆肝挑战#,4.6万,167,2019-08-27,英俊的沈醉
【python】零基础入门编程有多难？萌妹一个方法就搞定！,1248,7,2020-03-29,赧烟七七
Python语言基础与应用（北京大学）,3.5万,230,2019-05-15,浅唱的时光
使用Python给罗永浩生成卡通头像,729,0,2020-04-02,蚂蚁学Python
外挂与语言无关，Python开发游戏外挂！,2.1万,57,2019-12-17,Python编程语言
台湾高校老师讲解《Python for Data Analysis》 -- part01,2.4万,56,2019-09-16,股神回忆录
【Python】2018老男孩 python 全栈第9期130天培训,10.9万,1186,2018-10-10,每日CG教程盘点
【2018黑客编程入门】Python黑客编程基础入门,12.6万,418,2018-02-23,HACK学习
Python数据可视化神仙库——pyecharts，图表优美，代码整洁,1557,0,2020-03-24,邻家小女爱数分
【学习猿地】鹅厂大牛亲授Python 零基础 寒假训练营#pycharm,7572,19,2020-02-03,逆风微笑的代码狗
马哥教育2019Python入门PythonWEB全栈Python爬虫Python数据分析Python人工智能Python机器学习各部分试听,1.9万,47,2019-10-09,马哥高薪IT实战
学习Python爬虫必需要要会的一个库：xpath（简洁而又强大）,1865,5,2020-03-25,python学习者
2020千峰python就业班【更新中...】,3212,13,2020-03-10,1024dancing
【千锋】Python视频教程-Python入门全套（强烈推荐）,1.1万,50,2020-02-01,学IT的小暖
北京大学-数据结构与算法Python版（mooc）,1.5万,102,2019-12-14,五味666
python数据可视化（基于pyecharts）,6352,23,2020-02-21,背包2004
Thonny：Python初学者必备学习开发工具,8380,28,2020-02-10,chbpku
老男孩 python全栈 22期,1.4万,69,2020-01-21,三秋叶123
为了找出春物的真正女主♂【绩优股】，我用python爬了十几卷小说做可视化,5.1万,1130,2019-07-26,-赤坂龙之介-
2018年3天快速入门python机器学习【黑马程序员】,8.1万,1772,2018-12-27,黑马程序员-
Python爬虫遇到JS加密怎么办？JS解密教程，Steam官网模拟登陆！,349,0,2020-04-02,Python编程语言
《Python应用基础》微专业体验课——Python 编程新思维及实战,312,0,2020-04-02,一个90后半撅儿
【超实用】Python实现机器学习算法（全）,4295,11,2020-02-21,嘤桃小团几
2020年Python自动化运维系统性20讲-第二次优化版,4055,13,2020-02-19,云开见明教育科技
基于python的曼德勃罗集的简单可视化（有思路讲解和代码）,1.5万,33,2019-12-22,cigar666
【视频教程】liao雪峰-python-基础教程（共259集，分三次上传，侵删）（上）,8.2万,353,2018-11-18,我肛肛好
bv号时代？python极简解决bv号与av号转换问题！！,1128,15,2020-03-25,晓然晓然晓然
老男孩2020年Python自动化开发27期全套视频,8802,56,2020-02-14,过气网红_金角大王Alex
2020年新手Python爬虫就业课程，强烈推荐（简介处补充课件）,5640,10,2020-02-14,快乐学习盯
Python数据科学（上）,1959,1,2020-03-16,跟着Phoenix学Python
2020最新Python实战课程【老陈打码】,5564,3,2020-02-27,老陈打码
解决Python安装第三方库超慢的问题，提速10倍的方法,3828,25,2020-02-23,菜鸟程序员的日常
【数据分析入门课】商业数据分析入门 excel数据分析 sql数据分析 mysql数据分析 python数据分析 7个案例 全网最细最全的数据分析入门课,2.3万,74,2019-09-25,22106878786_bili
【国家精品课程】南京大学 用Python玩转数据（python数据处理）,4.5万,172,2019-03-17,我肛肛好
表弟使用Python的两种方法来爬取《我不是药神》高清电影和影评，VIP都不需要了！,16.6万,24,2018-07-26,轻松学Python
2020好课程-Python办公自动达人+爬虫+各种DIY,969,0,2020-03-28,张奇MAX
python3爬虫课(崔庆才),2295,8,2020-03-15,梦乡尘子
Python数据挖掘基础,3637,1,2020-03-01,Tom_Jary
【Chenghsi Hsieh】《Python深度学习》适合初学者（机器学习）,8048,53,2020-01-29,扎列夫有
python --廖xf商业爬虫（共28课，侵删）注：原课程有python入门课(意义不大)，这里只放爬虫干货内容,6.2万,801,2019-02-05,我肛肛好
【Python】飞花令小程序,19,1,2020-04-05,深海大菠萝X
Web白帽子Python入门,2162,12,2020-03-10,蝶科技
python2020全新入门（第一部分14节）,5044,67,2020-03-01,IT私塾
全网最好入门的爬虫课——Python爬虫网络开发,5190,17,2020-02-22,搬运学习的小王同学
Python+人工智能就业班⑥（2018最新）：人工智能机器学习+深度学习+数据分析+数据结构和算法,3.5万,212,2019-08-17,真全栈程序员
2019 Python黑客编程：安全工具开发,2.5万,74,2019-07-04,白帽黑客教程
【寂静的夜】使用python小海龟turtle画画！python这么有趣，你还觉得枯燥吗,86,1,2020-04-04,馨馨健康快乐地活到120岁
Python 内存管理,808,1,2020-03-29,POUR_OVER
《Python与数据分析》,4548,4,2020-02-23,Taylim
编程培训班到底培训啥?如何甄别培训班是否坑爹?学习路线是什么?想通过培训入行编程开发程序员岗小伙伴们的福音|Java培训，python培训真的有用吗？,4.0万,199,2019-07-13,CodeSheep
keras+python卷积神经网络的搭建,3419,1,2020-03-14,理工男的春天
7天入门Python数据分析,5852,13,2020-02-20,过气网红_金角大王Alex
python从0开始学编程,1.3万,39,2019-12-01,不是第一
Python函数参数 | 深入理解 *args 和 **kwargs | Python 进阶,1277,2,2020-03-23,DavyCloud
【python】网络爬虫与项目实训,4515,44,2020-02-17,彼尔姆的熊
北京大学公开课：Python基础与应用,1074,0,2020-03-23,机器学习与Python实战
【北京理工大学】零基础学Python语言CAP #嵩天教授,1781,0,2020-03-21,逆风微笑的代码狗
python第三方库安装报错奇葩问题 | 虚拟环境&amp;PyCharm,5711,5,2020-02-16,我是喵大
python数据分析神器Jupyter notebook快速入门,4.3万,306,2019-05-31,同济子豪兄
纯技术 - python编程伪造ARP应答，获取舍友小姐姐常用网站,34,0,2020-04-06,小鱼儿teacher
Python 正则表达式,759,0,2020-03-29,POUR_OVER
数据结构与算法 python3.7实现 清华大学博士授课 刷leetcode 面试工作必备基础,3754,61,2020-03-02,老虎队队长
七周成为数据分析师Python入门到精通,5135,2,2020-02-06,正坛资源网
北京理工大学-Python语言程序设计（Python教学-最新版）,1.2万,240,2019-12-14,五味666
【北理MOOC爬虫】2019 Python3网络爬虫从零基础快速入门到实战进阶学习教程,1.7万,137,2019-10-16,Python爬虫人工智能
跟麦叔学Python - 1小时开发太空侵略者游戏,1.5万,74,2019-12-07,麦叔编程
还在用Excel的vlookup？Python几行代码就能搞定！,2.0万,66,2019-12-04,蚂蚁学Python
可能是全网最好的Python全栈合集【12部分完全版】,2.8万,1215,2019-09-24,老男孩IT
python爬虫-自动抓取知乎漂亮小姐姐的照片,110,0,2020-04-03,龙王山小青椒
你与职场高手的距离，就差Python自动化办公！,5298,5,2020-02-14,邻家小女爱数分
进来让UP睡不好觉！技术UP用python写了一个可以让自己听到你们的视频浏览的软件,6690,17,2020-02-11,离岸烨
一步一步做爬虫！！！最详细的Python爬虫教程和实战,9560,149,2020-01-05,快乐学习的代码狗
Python 爬虫视频教程全集（62P）| 6 小时从入门到精通,3.2万,545,2019-07-18,代码基基
数据分析与机器学习实战之python常用库,1069,1,2020-03-24,苏苏学长噫
真·小白入门Python教程（友好向，墙裂推荐，完整版）,1409,1,2020-03-22,邻家小女爱数分
【国语】基于python的计算机视觉理论与实践课程(图像处理/物体检测/人脸检测/轮廓识别),1429,1,2020-03-22,啥都会一点的研究生
Python全栈系列：从零基础入门到精通,2995,1,2020-03-05,旅行舰长
研究生课程“Python编程技术”,4938,20,2020-02-24,董付国_Python小屋
【Python自动化】用Python玩游戏,7409,7,2020-02-22,IT蜗壳-Tango
Python-项目实战-飞机大战,5791,14,2020-02-21,你的学习书单
从零教你用Python打造一个简单的疫情地图，武汉加油！,6919,20,2020-02-21,python学习者
【数据结构与算法 | LeetCode训练营】适用于C++/Java/Python/JavaScript等,1.7万,23,2019-10-02,翰者学堂
Python脱产班为期3个月的培训视频,2.8万,153,2019-08-27,IT小工joey
4天学会python机器学习与量化交易,3.8万,294,2019-06-13,黑马程序员粉丝
机器学习算法-2017邹博最新（Python版）,10.4万,1946,2018-05-18,亦卿wish
【老男孩教育】 python全栈工程师基础+就业班 第三期（103天完结版）,12.9万,1334,2018-04-05,逆风微笑的程序猿
Python数据分析,487,0,2020-03-30,Python与人工智能
【邢不行】跟着公司高管买他家股票能赚钱吗：增持后股价怎么走（三）80000条大数据、原始数据整理、python数据分析,823,3,2020-03-31,量化投资邢不行啊
Python爬虫案例：爬取梨视频网站，下载完整版小视频并保存本地,1011,150,2020-03-19,极客夜读
比吃饭还简单的教程，真正的零基础Python编程入门指南（基础篇 上）（明日科技）,5367,70,2020-02-11,风之云轩
走向实战，学完C之后学什么？前端后端？Java？Python?网站开发？B/S开发预备课,8209,11,2020-02-04,Liyoh-Frank
Python基础+爬虫项目+数据分析班【优质整合】,2.7万,9,2019-07-07,爱笑的程序狗
10年老程序员聊 培训机构炒作python号称年薪40万,6.4万,219,2019-05-11,我是程序汪
【python免费教程】ep.2 数据类型,22,1,2020-04-04,xiaobei_happy
手动打码与对接打码平台技术，Python爬虫解决12306验证码难题！,336,11,2020-04-02,Python编程语言
网络安全之PYTHON学习-零基础,1996,15,2020-03-17,b站最菜黑客
Python数据科学（下）,1917,2,2020-03-16,跟着Phoenix学Python
【学习路径】从Python到数据分析机器学习深度学习_个人经验总结与分享,3585,23,2020-03-05,致敬大神
【Python】操作微信小程序,1.1万,17,2020-01-17,IT蜗壳-Tango
麻省理工公开课38集全 计算机科学导论及Python编程,1.7万,45,2019-10-07,Mmxgxg
【一起啃书】利用Python进行数据分析第一弹-Python进阶,3.9万,188,2019-06-10,致敬大神
Python开发教程：Python开发微信抢红包，红包提示攻略不容错过,695,47,2020-03-25,极客夜读
python学习（一）：下载、运行py文件、什么是面向对象与缩进、注释、多行输入,2286,14,2020-03-11,lvqaq
Python_实战项目——爱家租房项目,4340,0,2020-02-23,你的学习书单
python爬虫课程,3647,7,2020-02-21,Tom_Jary
python运维自动化开发教程,3.6万,212,2019-08-08,星烁游辰
Python400集2018最新版,7.4万,780,2018-07-30,一剑霜寒拾肆州
Python爬虫教程：分析反爬策略，采集喜马拉雅音频数据！,293,3,2020-04-02,Python编程语言
Python人脸识别来访系统开发实战,4013,12,2020-02-21,蜗牛学院
Python数据分析及项目实战,1.3万,37,2019-12-23,真全栈程序员
麻省理工公开课：计算机科学导论及Python编程(英文字幕) 2016年秋季学期版,8.8万,1142,2017-05-12,李三影
2020年最新 老男孩Python编程全栈开发学习课程14期,671,0,2020-03-29,蓝精灵永恒
【Tech Talk】-21- 学Python找工作困难吗? 学Python 都能干什么 ？在职程序员如何看看待Python 9块9 网课 ！,1019,14,2020-03-27,御风大世界
python获取直播平台直播源,1192,2,2020-03-25,不追问
Python开发教程：PythonGUI图形界面打造属于自己的签名设计,878,30,2020-03-24,极客夜读
python 数据分析库 pandas教学 第二课 如何如何在pandas中选择序列和更改列标题 已知数课堂,5869,3,2020-03-06,已知数课堂
超简单的Python编程入门（全部18节课已更新完毕）,7419,7,2020-02-11,丝迪姆少儿编程
Python也可以玩Minecraft？！,1.1万,34,2020-01-26,有为青年王二
新版全套Python基础教程(上) #有了这套视频Python就6了(上部完集),7622,21,2020-01-03,IT网红
清晰明了的PyCharm 从入门到实践 收藏点赞up主附赠超值《Python知识手册》PDF及习题讲义！全部免费噢！,4.1万,352,2019-03-27,编程骑士
Python爬取淘宝女郎，一起欣赏貌美的淘宝MM！,13.2万,166,2018-05-18,Python新视界
从零开始创建一个简单的Python小工具 PART I 【NUKE教程】,827,0,2020-03-28,烈焰VFX
Python爬虫爬取同城约会数据,2805,7,2020-03-16,siki学院
【2020 最新python教程】第五部分：Django框架,2600,29,2020-03-14,凸头统治地球
python 数据分析库 pandas教学 第一课 如何将数据表导入pandas 已知数课堂,6409,1,2020-03-03,已知数课堂
震惊！普通高中生竟用python写出了Divergence Meter辉光管时钟！,5036,3,2020-02-29,7∪7
Python和Go爬虫速度比较，Go简直太快了！Python很难追上！,1.1万,2,2020-02-06,程序员赚钱指南
【2019Python全栈+人工智能】 6-后端开发之Django框架,1928,1,2020-03-11,S丶m1lence丶
7小时入门TensorFlow 2.0：Python神经网络入门教程 by Tim Ruscica,3426,4,2020-03-05,爱可可-爱生活
最新Python爬虫项目实战全程实录(完结) #学完这个课所有爬虫都能写,1.3万,464,2019-12-02,学习猿地
史上最全最详细 python+pycharm安装与使用教程！（零基础福音！）,4.0万,284,2019-07-16,轻松学Python
【中英字幕】Python for everybody-不可错过的五星推荐python入门课程！,3.6万,350,2019-03-18,橘柚菌522
18个最有用的Python模块,1211,0,2020-03-25,啥都会一点的研究生
Python开发教程：Python私人定制一款百度搜索引擎,930,50,2020-03-23,极客夜读
游戏重要还是我重要，小伙面对女友的灵魂审问，用python做一个微信自动回复脚本陪女友聊天,768,112,2020-03-20,极客夜读
用图形学Python -适合11-99岁（启发思维锻炼头脑）,9770,29,2020-02-10,友军STEM
【Python游戏】跟麦叔学Python - 猫和老鼠,1.2万,58,2019-12-15,麦叔编程
Python零基础入门学习2020最新版（SiKi学院） - 第三季,1.2万,391,2019-10-27,siki学院
"程序员面试硬软技能 |常见面试题回答攻略 |校招毕业季Java,Python,C++等程序员岗均适用",2.7万,228,2019-06-13,CodeSheep
10行python代码，急速采集小电影！,8.4万,13,2018-12-19,Python编程语言
microbit Python编程-1-概述和编程体验,431,2,2020-04-01,chbpku
【Python】自制坦克大战~,52,4,2020-04-03,二茂铁Fe
手把手：零基础配置Python开发环境（《Python编程与实践》番外篇）,3131,21,2020-03-02,爱可可-爱生活
用Python玩转数据_南京大学,3207,6,2020-02-23,不怕钢叉的猹
python flask全栈开发,7815,76,2020-01-28,偶尔也会喝瓶可乐
不再纠结选哪个语言：Java、Python、C++的终极对比【编程修炼之道】,2.8万,122,2019-09-11,翰者学堂
《Python编程·从入门到实践》导读（全集更新中）,3.1万,57,2019-07-01,学习熊猫
Scikit-learn (sklearn) 优雅地学会机器学习 (莫烦 Python 教程),11.5万,1239,2017-12-06,莫烦Python
【Python】数字操作#1 超级次方,36,0,2020-04-04,小小小小小小小车
《Python编程与实践》第二课 by 北邮陈光,2934,38,2020-03-06,爱可可-爱生活
Python批量翻译英语单词,3245,7,2020-03-02,蚂蚁学Python
Python读取Excel展示在网页上,4611,9,2020-02-22,蚂蚁学Python
职场人必学的Python技能课,3837,3,2020-02-15,Yinn-Blog
【尹成学院】Python数据分析- 金融股票与数字量化交易（完）,1.6万,24,2019-10-15,逆风微笑的代码狗
Python 项目实战视频教程全集（105P）| 26 小时从入门到精通,3.0万,19,2019-07-18,代码基基
【Cracer录制】Python黑客编程培训,3.2万,240,2019-05-04,HACK学习
编写第一个Python程序,6.7万,18,2019-04-22,廖雪峰
当年参加校园招聘（应届生校招）找工作时的痛彻体会和领悟：数据结构和算法非常重要！|java，C语言，C++，Python等岗位均需要,5.6万,233,2019-01-28,CodeSheep
Python 爬虫基础教程 (莫烦 Scraping Tutorial),11.1万,942,2018-01-03,莫烦Python
ipad os 13.4 + colab + 鼠标 = 舒服地打python,131,0,2020-04-03,五秒咖喱棒
Python经典实战案例：批量采集微博数据,606,0,2020-03-30,轻松学Python
【python】用python爬虫下载BV号视频最新方法(仅供学习用途),1028,9,2020-03-25,hhh航航
Python黑客编程之信息收集,3948,22,2020-02-15,白帽子搞安全
老男孩教育2020年Python全栈第22期从入门到精通最全教程（新手必看）！！！,5691,10,2020-02-11,路飞学城小媛老师
Python完整项目解剖,4328,5,2020-02-10,萧曵__
四周精通 Python爬虫的各种令人窒息的操作 #精讲课程,5803,26,2020-01-19,逆风微笑的代码狗
树莓派4会取代PC？【小甲鱼最新版Python彩蛋】,2.5万,43,2019-10-31,鱼C-小甲鱼
【白帽子】Web安全-Python脚本编写入门,1.4万,29,2019-10-15,HACK学习
Keras 快速搭建神经网络 (莫烦 Python 教程),11.8万,1054,2017-12-03,莫烦Python
好玩的，python零基础教程（快速学习python入门&amp;必备）,1895,11,2020-03-18,凸头统治地球
Python开发简单爬虫,1.6万,43,2019-07-09,小渔学长
这技术你懂的，Python编程实现变脸技术！,822,1,2020-03-28,Python编程语言
Python爬虫教程：搞定12306验证码问题！,427,6,2020-03-31,Python编程语言
51bitquant Python数字货币量化交易进阶课程的大纲内容介绍以及代码资料获取与答疑,95,0,2020-04-04,51bitquant量化交易
Windows Linux 各取所长，WSL 子系统 Ubuntu 下的 Python 开发,2690,1,2020-03-17,优特编程
利用Python实现QQ机器人,2463,2,2020-03-08,老王家的王小白
驳斥 ”小白不适合把Python做为第一门语言“ 的谬论,3978,79,2020-02-27,过气网红_金角大王Alex
python编程,6565,64,2020-02-12,zzuwjf
可能是全网最好的MySQL入门合集 【老男孩Python and MySQL】,2.7万,145,2019-07-10,老男孩IT
python学习（四）：逻辑运算、函数、类和输出进度条的小项目,2013,3,2020-03-16,lvqaq
20天掌握Python基础/Python入门 老铁666,2114,10,2020-03-13,会讲课的樵夫
Python自动化操作PDF,2058,1,2020-03-08,老王家的王小白
大数据 Python数据分析处理,2248,0,2020-03-05,不怕钢叉的猹
老男孩2020最新python精制全套视频（含项目）,4257,4,2020-02-25,老男孩教育
Python3.6 从入门到精通,3553,6,2020-02-13,自渡k-
python3数据分析数据挖掘2020Python3数据分析与挖掘建模实战,6450,31,2020-01-15,南君部落
基于python3的Opencv图像处理教程(从零到实践),1.4万,151,2019-11-28,啥都会一点的研究生
2019年千锋Python全套视频教程，史上最经典,1.4万,113,2019-10-04,程序员小草帽
Python 数据分析 &amp; 机器学习 &amp; 深度学习,1.5万,49,2019-09-22,__rec
全世界特效最佳的 Python 教程【印裔小姐姐带飞 双语熟肉】,2.7万,157,2019-07-13,鱼C-小甲鱼
黑马—python基础,3.6万,378,2019-07-05,one-year
Kali Linux+Python黑客视频网络安全工程师必备技能-乾颐堂现任明教教主秦柯,2.6万,56,2019-04-03,乾颐堂
python进阶提升以及小技巧分享合集,1308,0,2020-03-19,我是喵大
利用Python进行有限元分析,2821,1,2020-03-06,DSimile520
【课程】数据结构与算法Python版-北京大学-陈斌-01-概述,2902,10,2020-02-18,chbpku
【CSOL】如何用1000个白银芯片换一个【永恒】Python（+6）？,1.2万,8,2020-01-21,米切尔Mitchell
【最干净易懂的Python终极教程】小白从入门安装到精通完整版，搬运完成！,9191,39,2019-12-19,一只不快乐的柠檬精
Python常用模块6小时（全）,9547,19,2019-11-27,路飞学城小媛老师
自从小侄子学会python后，从此玩王者农药没差过金币！,4.6万,23,2019-05-30,轻松学Python
【Python】每天定时用微信给女朋友发天气预报，每天不重样。,3.3万,25,2019-05-14,彩葫芦
【python数据可视化】详解如何绘制疫情地图与词云,219,1,2020-04-03,StuGiu
Python 入门 (简介有链接，记得先阅读文章),2826,24,2020-02-27,胶皮睿
惊呆！Python 竟然还有这样的黑魔法！,4777,13,2020-01-14,极客时间
【2019千锋】Python全套视频教程，史上最经典,2.8万,430,2019-07-05,学点it大技术
【 python + excel = 效率↑↑ 】 Become an Excel Wizard With Python,3.2万,8,2019-05-13,说到做到的橙橙橙
【老男孩教育】 python工程师 就业班 第16期,4.5万,214,2019-03-06,逆风微笑的代码狗
【配套视频】笨办法学Python3,6.4万,419,2018-06-27,TiC23
数据分析与机器学习实战_基于Python3视频教程,655,0,2020-03-25,听取某声一片
【2019Python全栈+人工智能】9-团队项目开发,1687,0,2020-03-10,S丶m1lence丶
【python】数据分析工具numpy入门,3761,13,2020-02-10,free-coder
骑马与砍杀python零基础入门【第一季】,6492,10,2019-12-14,蔗糖王金飞
Python爬虫视频教程，爬取英雄联盟英雄皮肤氪金攻略,1399,195,2020-03-13,极客夜读
Python数据分析,1889,3,2020-03-05,不怕钢叉的猹
【python】pandas-数据分析工具pandas入门,3552,4,2020-02-13,free-coder
[陈哈哈]❤study PYTHON with me | 和我一起学神经网络编程,9191,35,2020-01-23,陈陈陈陈哈哈
【Renpy】python也要谈恋爱！零基础-&gt;j精通galgame制作 （一）最初的开始,4299,22,2020-01-13,莉萝爱萝莉official
Python21天入门，全网最易懂的教程零基础也能学会！,8888,89,2019-12-16,老男孩IT教育
【北理MOOC】2019 Python3数据分析从零基础快速入门到进阶实战学习视频教程,9845,23,2019-10-17,Python爬虫人工智能
代码讲解《Python for Finance》-- PART01,1.1万,30,2019-09-19,股神回忆录
Python黑客编程,2.2万,52,2019-06-11,白帽黑客教程
Python教程4天快速入手Python数据挖掘,4.6万,160,2018-12-19,黑马程序员-
Python 爬虫实战-从零开始（资源质量高、带字幕、持续更新中。。。）,4.5万,243,2018-11-21,贪心学院
【爬虫篇】《极客Python之效率革命》（小甲鱼）,6.4万,664,2018-05-20,鱼C-小甲鱼
尚学堂Python网络爬虫13天实战班_Python网络爬虫与信息提取_Pythonp爬虫教程从入门到精通教程_网络爬虫实战_python全栈+爬虫+高端自动化,397,0,2020-03-31,尚学堂三好学生
就像是一场梦，醒了很久还是很感动~ 2020最新100道python笔试面试题 整理汇总（附答案）,384,1,2020-03-31,guran0719
最强百度文库抓取~Python爬取百度付费文库~,382,6,2020-03-31,python数据分析
【Python游戏编程】3个视频完成呆呆小鸟(简介有代码),1034,1,2020-03-26,胶皮睿
【老九杂谈】浅析Python发展历程及就业前景,1401,17,2020-03-21,老九学堂
斗图斗不过别人？教你用Python爬取某斗图网站全站图片，以后还有谁？,2801,17,2020-03-06,python学习者
【Python教程】零基础入门学习Python（千锋）,2646,5,2020-02-24,小小白学java
一行Python代码能做哪些不可思议的骚操作？,4811,11,2020-02-17,菜鸟程序员的日常
【黑马程序员】人工智能OpenCV+Python快速实现人脸识别（配资源+代码）,7023,111,2020-01-07,黑马程序员广州中心
【编程基本功】强/弱类型语言再探 | C++/Java是什么类型？| 几个有意思的发现 | 程序员 | Python | Javascript |,1.6万,78,2019-10-20,是落拓呀
2019千锋Python爬虫全套视频（最经典）,2.3万,69,2019-08-06,千锋教育
一个程序员的简历模版分享 |程序员/应届生校招/社招简历制作攻略 |适合Java/Python/C++等岗位,3.1万,338,2019-03-14,CodeSheep
【跳几跳】安卓最强跳一跳外挂，无需电脑，无需python，轻松上手,12.2万,174,2018-01-03,winfylee
Python解决各道反爬机制，采集拉钩招聘数据！,246,0,2020-04-01,Python编程语言
Python进阶数据分析及可视化,585,0,2020-03-25,吃可乐的大叔
编程实现DNS服务器，Python+Go。代码很简单！,2547,2,2020-03-10,程序员赚钱指南
【整合】Python基础+爬虫项目+数据分析班,1627,10,2020-03-10,计算机学习委员
【第一集】Up如何用基础Python来汇总地铁站名？,4532,17,2020-02-17,Simon1356
安装不算完事，只有理解了虚拟环境才算真正掌握 Python 环境,2788,1,2020-02-16,DavyCloud
初学者从C语言转换到Python语言,3180,24,2020-02-12,chbpku
南京大学：用Python玩转数据（MOOC 国家级精品课）,3090,2,2020-02-13,前尘牵丝忆梦还
新版全套Python基础教程(下) #GUI编程,5460,30,2020-01-12,IT网红
人脸解锁自动开宿舍门树莓派Python,9.0万,143,2018-04-12,h1997l1997
Python数据可视化分析 matplotlib教程,9.9万,679,2016-11-06,xiuci
【办公福音】PPT自动化办公处理 | 手把手新人向 | 程序员 | 干货 | 大学生编程 | Python,998,4,2020-03-23,-相依-
教你快速入门Python爬虫（小白必看）,1136,5,2020-03-22,菜鸟程序员的日常
Python爬虫全套视频（最经典）【千锋】,1.3万,101,2019-10-31,学IT的小朋友
27周学完python自动化-第一周,1.8万,50,2019-07-13,小渔学长
嵩天教授的Python游戏开发教程（pygame）,6.3万,1170,2018-02-14,zhangpeter
Python 3.5 全栈开发（从入门到逼疯）,8.3万,913,2017-12-10,散不尽流年
WEB+Python爬虫制作一款自己的浏览器！,689,1,2020-03-28,Python编程语言
python爬取BILI最新成交价,8,0,2020-04-06,ChunSource
Python之常用设计模式,561,2,2020-03-27,路飞学城小媛老师
在家宅了两月，还没开始找工作？教你用python爬取招聘网站数据，分分钟找到心仪岗位！,528,0,2020-03-30,轻松学Python
只要你敢发一张照片给我，我就能用Python找到你的位置！,904,3,2020-03-26,python数据分析
【不可能学不会的python教程】01python的环境搭建和数据类型,604,24,2020-03-24,浪晋的测试小讲堂
程序员大佬神奇玩法，Python编程制作抖音全功能脚本！,2105,0,2020-03-17,Python编程语言
Python编程唯快不破！手把手配置Sublime Text3编程环境(《Python编程与实践》番外),1795,7,2020-03-16,爱可可-爱生活
【Python游戏编程】初见pygame，做出flappy bird(简介有链接),1788,11,2020-03-14,胶皮睿
30个小时搞定Python网络爬虫【简单易懂】,1616,2,2020-03-09,计算机学习委员
深夜“无聊？“，用Python爬取某马拉雅大型听书网站，妈妈再也不用担心我晚上睡不着了,3248,46,2020-03-04,python学习者
Python安装配置权威指南,2449,26,2020-02-25,Liyoh-Frank
[尹成学院] Python3从菜鸟到高手完整版 （清华尹成主讲）,3085,6,2020-02-25,尹成学院B站
Python数据结构与算法视频教程,4301,22,2020-01-15,码出未来
Python数据可视化 - Plotly教程,1.2万,92,2019-10-12,正月点灯笼
【路飞学城】Python+人工智能就业班 第21期（更day77）,1.9万,84,2019-09-05,逆风微笑的代码狗
利用Python获取WiFi密码,4.5万,170,2019-01-23,嗨学Python
Python教程_Python爬虫入门教程Scrapy爬虫框架,8.7万,864,2017-08-22,黑马程序员-
这是什么操作？利用Python编程监控目标！,846,7,2020-03-26,Python编程语言
【MOOC慕课】Python爬虫从入门到高级实战精品课,1372,0,2020-03-14,学习娱乐传递
我居然用python绘图画出了蝴蝶忍？莫西莫西,2262,19,2020-03-11,yjh一句话
【Python技能训练】（职场向，入门友好）,1546,2,2020-03-05,邻家小女爱数分
办公系列之python自动提取EXCEL数据,3229,1,2020-02-23,明明很爱你-
【python】数据结构和算法,2595,1,2020-02-18,洺宇吖
好程序员Python机器学习Sklearn全套教程，不看后悔,2806,1,2020-02-15,王小小额
"【Py+Go】Python与Go语言单线程性能比较完败 C大哥说：挺住,我还能救你一段时间",8241,74,2020-01-10,九弓子
2019千锋Python全套视频教程，史上最经典,2.8万,90,2019-07-05,千锋教育
【中英字幕】python制作APP，kivy教程,1.9万,75,2019-05-09,蜂蜜烤鸡中翅
python数据分析,2.1万,24,2019-04-28,ChaKaMa
当年校招BAT等互联网公司笔试/面试经历（校园招聘找工作，百度/阿里/腾讯面经）|Java/C++/Python开发岗可能都会问的问题,3.0万,500,2019-03-10,CodeSheep
python高级教程3天带你玩转Python深度学习【黑马程序员】,3.9万,399,2018-12-26,黑马程序员-
Python爬虫入门教程，正则表达式提取数据规则！,254,2,2020-04-01,Python编程语言
python全栈+爬虫+高端自动化课程,326,0,2020-03-30,enter回车键
Python开发教程：Python开发文字截图识别，快速截图中的文字提取保存,405,9,2020-03-28,极客夜读
我最推荐的一本计算机专业类书籍——《从零开始学Python》,584,4,2020-03-27,平成来哒
Python编程实现模拟登陆，并教你解决验证码！,724,0,2020-03-24,Python编程语言
北邮《Python编程与实践》第三课 by 陈光,2028,8,2020-03-12,爱可可-爱生活
Python for循环详解,1829,6,2020-03-08,麦叔编程
Python教程之抖音同款表白神器——Python让你的七夕更完美！,876,84,2020-03-07,极客夜读
Python黑客计划,2486,8,2020-02-23,X-CODE王老师
微信公众号开发（基于Python语言）,3473,2,2020-02-07,洺宇吖
Python3.8下载安装，有问题找组织【大熊课堂QQ群：913293727】,2.1万,49,2019-10-16,老冯feng
通俗易懂Python Django网站开发绝对零入门(1小时入门)第一季,1.5万,188,2019-08-06,Mike高
Python爬虫从入门到高级实战精品课,4.1万,417,2018-10-16,zj9540
python编程-控制智能硬件，4个插座可以实现很多功能，智能家居终于实现了,454,0,2020-03-31,程序员赚钱指南
2020千锋逆战班——Python直播行业课,480,0,2020-03-31,千锋教育
python学习的正确姿势之python最全学习清单,220,0,2020-04-03,guran0719
VsCode配置Python开发环境,1163,5,2020-03-22,为逝者默哀
Python3网络爬虫开发实战（附全套资料）,1132,2,2020-03-16,卡里嘎多li
Python3爬虫从入门到精通 - 崔庆才,1298,1,2020-03-16,0xNaraku
【2019Python全栈+人工智能】 7-实战网络数据采集（爬虫）,1247,0,2020-03-10,S丶m1lence丶
Python自动化处理邮件,1608,2,2020-03-08,老王家的王小白
Python读取Excel存入MySQL,2559,5,2020-02-23,蚂蚁学Python
基于Python 2.7的Django打造在线网站,2812,5,2020-02-21,万物皆可花椒油
一张图快速掌握Python3语法,3220,6,2020-02-19,跟老徐学习AI
最易上手的Python环境配置——Jupyter Notebook使用精讲,3121,6,2020-02-19,人工智能课程
网络安全-代码审计（Python）全套视频教程,2495,4,2020-02-13,其实仅仅
Python多线程实战！,2638,6,2020-02-09,麦叔编程
【动漫学Python】全网最好的Python教程「每周更新」,7872,18,2019-12-17,狮范课
利用Python爬取全站小说，看一辈子都不一定看的完！,1.3万,26,2019-11-02,python数据分析
【北京理工大学】2019 Python零基础入门到进阶数据分析爬虫实战课程,1.1万,103,2019-09-21,Python与人工智能
学了一个学期的python能写出来什么游戏？玩自己写的游戏是什么样的感受呢,3.0万,80,2019-07-11,菜鸟派
【Python魔法】Python+VBA实现图片转为原生Excel表格（表白神器）,2.5万,47,2019-06-09,幽蓝伊梦
老男孩教育丨Python全栈21期基础课程,2.4万,60,2019-05-15,老男孩IT教育
没错，这就是你们想想的编程：编程3分钟，改bug一整天！20X速度，生物狗的Python之旅,4.5万,75,2019-03-22,史上最不正經的生物狗
【自学教程】4小时Python速成！Google内部培训资料,6.3万,285,2017-10-30,providence2
《Python应用基础》微专业体验课——Python 基础语法精讲,186,2,2020-04-02,一个90后半撅儿
Python绘制折线图发现产品流量问题,476,0,2020-03-29,蚂蚁学Python
《Python应用基础》微专业体验课——Python 精进路线展望,146,0,2020-04-02,一个90后半撅儿
【2020新】使用Python的视频人脸识别,890,0,2020-03-23,啥都会一点的研究生
Python编程大佬又开始秀操作了！采集淘宝所有内衣信息进行分析！,1473,5,2020-03-19,Python编程语言
Python玩转数据处理，Pandas实现Excel多列到多行转换,2355,0,2020-03-07,蚂蚁学Python
Python语言基础与应用_北京大学,2189,9,2020-02-18,不怕钢叉的猹
【硬盘备份计划】 python自然语言处理 （声音萝莉的女老师哦⊙∀⊙！）,2985,2,2020-02-17,吴长星
Python函数的参数详解，不服来试试这两道题！,2097,38,2020-02-02,麦叔编程
【Python练习1.1】GitHub上的开源项目，新手实操练习一下Python，和周周一起进步。新型肺炎下在家自闭的我们，学习起来啊！,4612,19,2020-01-26,周周Seven周
【演示】用 Python 下载 B 站视频,5767,1,2020-01-11,PythonProgrammer
【Web安全】2019年最强Web白帽子Python入门,4269,8,2020-01-07,Python与人工智能
Python开发web项目，每个视频都是一个完整的项目,7792,88,2019-12-08,陡斗抖兜派Then
python接口自动化项目实战,8654,15,2019-11-24,松勤软件测试
python实现头条项目接口自动化测试实战,1.1万,47,2019-11-13,黑马程序员-
Python 零基础入门培训教程 - 白月黑羽出品,1.5万,179,2019-11-01,白月黑羽Python
【英语-合集】听力口语干货系列87集全 Python for Everybody,1.2万,32,2019-09-24,Mmxgxg
【Python】如何用程序在微博无伤怼黑子,1.2万,36,2019-08-30,剑气森森
数据分析和人工智能教程全套【2019千锋Python】,2.7万,347,2019-05-12,千锋教育
刚用Python写了个扫雷脚本，8s完成游戏,4.5万,4,2019-03-25,coc兔子
Python程序员本身就是Vip，充Vip是不存在的！无限获取Vip特权！,7.3万,287,2018-03-02,Python新视界
中文字幕:麻省理工学院公开课：计算机科学及编程导论（Python语言教程）,5.9万,253,2017-05-10,希金矿业
《Python应用基础》微专业体验课——Python 面向对象语法精讲,137,0,2020-04-02,一个90后半撅儿
使用python画一棵满是爱心的树（改进版）,7,0,2020-04-05,牧之原翔子学姐
Python机器学习应用实践(推荐系统、社交网络、图像识别、自然语言等）,638,0,2020-03-24,听取某声一片
python爬虫-廖雪峰,965,0,2020-03-20,卡里嘎多li
python编程数据处理（花钱购买的，分享给大家一起学习，持续更新）,999,1,2020-03-15,Python老司机
《Python编程与实践》之 聊聊hash函数与id函数,1601,3,2020-03-15,爱可可-爱生活
3天专题搞定 python面向对象（真的，再学不会就可以放弃OOP了）,1153,4,2020-03-15,凸头统治地球
【机器学习】Python数据科学数据挖掘案例分析,1170,1,2020-03-11,import_程旭源
好程序员Python机器学习Sklearn全套教程（最新发布）,2412,2,2020-02-13,其实仅仅
疫情下学python还能就业？2020就业需求可视化分析（python爬虫爬取招聘网站数据可视化分析）,5426,6,2020-02-03,IT-哆哆
北京理工大学-最新Python语言程序设计(共259集),4843,25,2020-01-20,码出未来
【Python学习】Python的开发环境搭建(vs code),6623,12,2020-01-11,幽蓝伊梦
新版全套Python基础教程(下) #有了这套视频Python就6了(更新到面向对象、文件处理、异常处理),4230,6,2020-01-08,IT网红
学会了Python这个技术，你就可以爬取80%的网站,8997,30,2019-12-19,Python热爱者
Python全套视频教程-01 网络编程,5787,8,2019-12-10,46675725002_bili
【机器学习】简单线性回归&amp;最小二乘法十分钟学会！内含python求解过程,1.0万,136,2019-12-01,等等很简单
python数据分析与机器学习（第一部分1-100）,4.8万,363,2018-08-25,你的瓦尔登湖
【Python基础】vscode如何链接远程工作区，在ubuntu搭建开发环境,583,0,2020-03-29,IT蜗壳-Tango
【课程】数据结构与算法Python版-北京大学-陈斌-11-直播课堂-动态规划作业详解,356,0,2020-03-31,chbpku
网站的在线小说不能下载怎么办？这个骚操作你一定要学会！(python小说爬虫教程）,151,0,2020-04-02,我是可爱丸
零基础学Python爬虫，妈妈式教学，一键采集小视频！,407,0,2020-03-30,Python编程语言
教你用Python画南丁格尔玫瑰图,1288,0,2020-03-17,CDA数据分析师
Python爬虫分享：Epic游戏限免信息获取,2279,2,2020-03-01,飞中水在鱼
python3爬虫与数据分析（2020年视频）,2355,12,2020-02-20,馨馨健康快乐地活到120岁
【千锋】Python开发工程师全套视频（完整版）,2513,9,2020-02-19,IT小学子
中科院发布木兰语言，实则换肤Python?,8733,18,2020-01-18,麦叔编程
Python编程语言零基础入门,1.1万,20,2019-11-29,人工智能课程
python数据分析三大库——numpy、pandas、matplotlib,8055,10,2019-11-23,玄枵思意
Python零基础入门学习（SiKi学院）函数 - 第六季,7766,395,2019-10-31,siki学院
27周学完python自动化-第六周,1.1万,3,2019-09-10,小渔学长
python工程师 GUI编程 QT5开发项目实战（完）,2.1万,168,2019-06-23,逆风微笑的代码狗
python2018就业班全集（前半部分）,3.0万,652,2019-04-28,AlanVOppenheims
【国人电音原创】夜店蹦迪神曲！FrogMonster -Python （Bass House),2.6万,47,2019-03-09,FrogMonster
11小时 python自动化测试从入门到精通，挑战年薪30W,5.8万,360,2018-04-21,零檬信息技术
Python3入门机器学习 经典算法与应用,102,0,2020-04-03,住隔壁王尼玛
【动漫学Python】让数组见鬼去吧,203,2,2020-03-31,狮范课
Python爬虫爬取英雄联盟皮肤2,242,236,2020-03-13,赵卓琳
Python量化策略分享_CTA交易策略_基于外汇波动率策略_金程教育纪慧诚（量化金融分析师AQF）,1613,0,2020-03-08,量化前沿
大厂招聘 Python 工程师，都看中哪些能力？,2710,7,2020-02-21,极客时间
[Python]当程序猿遇上小学奥数题,3987,9,2020-02-10,轴心S
Python 进阶——基于 TensorFlow 2.0 搭建神经网络,7342,8,2019-12-16,freeCodeCamp
Python Django 网站开发培训 web后端开发 web服务端开发,1.2万,146,2019-10-24,白月黑羽Python
Python3爬虫教程,7479,3,2019-09-22,gzqhero
【路飞学城】最新Python 21天入门级教程（我五岁的外甥都能学会）,1.2万,159,2019-08-01,逆风微笑的代码狗
Python 从入门到入土 视频教程(持续更新),1.9万,52,2019-04-07,糖醋小鱼干儿丶
【办公篇】《极客Python之效率革命》（小甲鱼）,4.4万,400,2018-05-20,鱼C-小甲鱼
Python 数据分析与展示(北京理工大学 ),6.4万,1106,2017-04-26,孔乙己2019
老男孩Python全栈开发29期全套(2020年3月开班)-同步更新-阶段5,58,0,2020-04-04,Egon老湿
Python突破12306网站。空前的操作,257,10,2020-03-31,赵卓琳
Python反向编程？根据 Pycharm错误提示 来完善代码,723,0,2020-03-28,程序员赚钱指南
Python实现有道JS解密，打造桌面版翻译工具,265,1,2020-03-31,Python编程语言
Python解释器的安装与使用,317,0,2020-04-01,Python编程语言
《跟着孙兴华学习Python基础》Python教程零基础【持续更新中....】,1026,12,2020-03-13,孙兴华zz
【2019Python全栈+人工智能】 5-后端开发之Flask和Tornado,960,0,2020-03-11,S丶m1lence丶
论文搞不定，作业不会借鉴(Chao)【教你10分钟免费爬取海量论文】【Python爬虫速学教程】,1854,4,2020-03-10,老陈打码
如何用Python制作一个音乐下载器,2324,2,2020-03-04,CodeWuRen
用Python给沃玛画蜘蛛群,2944,3,2020-03-03,染玖叁
Python爬虫教程,1550,2,2020-02-29,1-metre-Sunshine
刘鹏教授父子《小天才学Python》第1课 认识Python（爸爸中文版）,3546,20,2020-02-27,云创大数据
教你用Python轻松爬取某者荣耀官网上的高清英雄皮肤壁纸,2996,9,2020-02-23,python学习者
数据结构与算法 python3.7实现leetcode,2634,7,2020-02-21,汤川菌
这是你认识的python？居然可以做这6件骚操作，不看后悔系列,3884,2,2020-02-21,IT-哆哆
自制+儿子用Python写的加密解密程序，很难破解的哦(附源代码),5826,6,2020-02-09,飞船老师
【老男孩】30天 零 基 础 学 python (Day01-05),3545,3,2020-02-05,野狗道格
敢不敢测试一下你的Python水平？,2944,9,2020-02-02,麦叔编程
Python | 6行代码搞定新年群发祝福,6635,6,2020-01-16,我是稀饭啊
Python turtle 只需30行代码绘制任意复杂图形,6931,21,2020-01-04,北理咕小头
【python入门】数据分析可视化教程全集,5676,58,2019-12-06,菊安酱
【阿修】一起学Python吧（根据廖雪峰教程敲代码）,9722,66,2019-10-20,阿修的修行
2019好程序员Python全套,1.4万,10,2019-10-12,海深时见鲸阿
Python for Beginners微软官方Python初学者教程,1.0万,20,2019-09-26,满脑的思绪呀
Python黑客编程,1.4万,10,2019-07-17,爱笑的程序狗
Python+Django+MySQL制作的小型医院管理系统,3.0万,53,2019-04-03,被李侄女掰弯的一天
【小琦资源】Python全系列之爬虫scrapy框架及案例,3.6万,727,2018-12-05,李琦玉Works
Python全栈开发（从入门到入坟）,4.1万,293,2018-08-13,拿着叉子的闰土
Python小白必看，非常生动的Pycharm与Anaconda安装教学，干货！,85,0,2020-04-03,Python小镇
Python零基础入门教材：Python函数，装饰器精讲！,289,4,2020-03-31,Python编程语言
python词达人原理,802,0,2020-03-25,姚梦辞
【Python游戏编程】呆呆小鸟第二期--画管道 (简介有代码),991,6,2020-03-19,胶皮睿
真的是大神，涨见识了，Python语言制作游戏辅助！,1345,11,2020-03-16,Python编程语言
【Renpy】python也要谈恋爱！零基础-&gt;j精通galgame制作 （⑨）screen中级,1105,2,2020-03-15,莉萝爱萝莉official
python2020全新入门（第二部分13节）,1519,7,2020-03-06,IT私塾
直接简单粗暴，10分钟快速学python,2033,4,2020-03-04,IT-哆哆
【Python】批量合并多张Excel表,3491,4,2020-02-05,IT蜗壳-Tango
超 能 力 麻 将（自学python半年做出来的低技术力屑游戏,5090,29,2020-01-21,银河第一纯洁
程序员小姐姐下班了为大家用python画了一个小东东,8249,3,2020-01-16,不看弹幕的小子
Pandas借助Python爬虫爬取HTML网页表格保存到Excel文件,3864,3,2020-01-15,蚂蚁学Python
50行代码，用Python批量做海量小姐姐的素描图,6530,2,2020-01-01,菜鸟玩Python
Python零基础入门学习（SiKi学院）While循环 - 第五季,6420,330,2019-10-30,siki学院
Python零基础入门学习（SiKi学院）字典 - 第四季,6341,282,2019-10-28,siki学院
软件测试教程|巧用Python实现接口自动化测试【黑马程序员】,1.1万,26,2019-10-17,黑马程序员-
python3爬虫教程,8453,16,2019-08-13,waityousea
Python 语言视频教程全集（76P）| 19 小时从入门到精通,1.5万,46,2019-07-19,代码基基
【中字】国外Python完全初学者教程（从装软件教起）,2.3万,359,2018-12-27,Kane_SWB
【有亦教学】Python虽慢、月薪两万。假期想找点正事干？一起入坑Python吧,4.1万,395,2018-07-14,胖丁家的林亦
Python正确安装方法，小白少走弯路,42,0,2020-04-04,蓝柯柯i
【Python】如何制作词云图式班群头像图片,108,0,2020-04-02,CCH_21
Python零基础入门,758,0,2020-03-26,南漂小詹
Python程序员：我那么能干，还怕找不到女朋友？,1204,1,2020-03-24,Python编程语言
数据分析不能停【Python数据分析与应用】小白勿入,693,0,2020-03-20,邻家小女爱数分
FastAPI教程第一季：萌新（最快python异步并发web框架之一）,1958,120,2020-03-03,BSTRDFSA
教你用Python制作音游小脚本,2031,8,2020-02-27,惯性の力量
【Python干货】零基础快速入门+上手Python实战项目,2953,18,2020-02-03,要和泰勒做朋友
Creating a Snake game with Python in under 5 minutes_Full-HD,5583,9,2020-01-23,抓住时间小偷915
【真·三小时入门】超简单的Python教程（带随堂作业）,3156,21,2020-01-12,WarmNova
【李兴华编程训练营】Python图形界面,4514,25,2019-12-31,YOOTK沐言优拓
【学习猿地】Python爬虫进阶实战,4847,33,2019-12-10,IT网红
C 、C++、Python和Linux黑马13期基础班+就业班,7719,6,2019-11-22,kxb_xiaokang
Python网络编程（网络协议，黑客操作））,1.1万,15,2019-07-16,GitClound
python居然可以干这种事？！程序员凶起来可以让你无鞋可潮！BOT教程第三期,1.8万,12,2019-07-05,叉插擦
Python零基础入门教程之Python、Anaconda、Pycharm的安装与使用(上篇)(第一期),2.1万,33,2019-07-01,卓越科技-
Python自动玩《最强连一连》,3.2万,116,2019-02-22,喂你脚下有坑
python TensorFlow图像处理,3.8万,234,2018-06-28,Jai_wei
python金融数据分析,4.0万,148,2018-03-13,红条巴
微信跳一跳的Python解法,7.4万,77,2017-12-30,芝士煮土豆
【极客学院】Python入门与进阶教学视频,5.8万,160,2017-05-05,RealWilliamWang
人工智能+Python史上最适合小白学习的Python教程【黑马程序员】,6.7万,152,2017-03-23,黑马程序员-
【python帮你画矢量图】寂静的夜。python这么有趣，你还觉得它枯燥吗,77,1,2020-04-04,馨馨健康快乐地活到120岁
北京理工大学公开课：Python机器学习应用,565,0,2020-03-24,机器学习与Python实战
python爬虫-微博评论-武大樱花雨为例,445,7,2020-03-24,龙王山小青椒
python+django网页开发,1024,10,2020-03-20,午后的沙滩
如何在Windows系统下载安装SqlMap与Python环境配置，你学会了吗？,1053,0,2020-03-19,Kali与编程
2020年Python系统入门基础完结版,661,0,2020-03-19,云开财经
Python高级程序设计,967,2,2020-03-14,zydalian
Python读取Excel绘制柱状图,1406,0,2020-03-15,蚂蚁学Python
【2019Python全栈+人工智能】 2-玩转Linux操作系统,1192,1,2020-03-11,S丶m1lence丶
聊聊Python里的“四大皆空”（《Python编程与实践》番外）,1797,7,2020-03-08,爱可可-爱生活
我是如何使用Python爬虫收集大量教务信息的？,1472,5,2020-03-08,会二段跳的地鼠
【python】matplotlib数据可视化工具简介,2124,11,2020-02-16,free-coder
用Python教你如何在女神节“云表白”,3025,2,2020-02-15,教室工作室
Python-数据库入门到实战视频教程,1726,0,2020-02-14,其实仅仅
Python3.6从入门到精通 #配套书籍视频,2847,0,2020-02-07,逆风微笑的代码狗
女朋友？不存在的，今天“老司机”教你用Python爬取百度贴吧之美女吧，你的女神在向你招手,5903,28,2020-01-17,python学习者
50行Python代码实现证件照换底色,6772,8,2019-12-19,Python编程学习
数据结构与算法（Python版）,5960,16,2019-12-06,真全栈程序员
【路飞学城】老男孩Python 自动化运维工程师全套（新版就业班）,7412,20,2019-11-28,逆风微笑的代码狗
Python零基础入门学习（SiKi学院）类 - 第七季,6025,307,2019-11-08,siki学院
【北理MOOC机器学习】Python机器学习应用实战项目学习教程（监督学习/无监督学习/强化学习）,6319,7,2019-10-19,Python爬虫人工智能
老男孩python全栈开发14期,8398,7,2019-10-05,三秋叶123
传智播客和黑马程序员-2019年python入门到精通（19天全）含全部学习课件资料下载地址,1.6万,103,2019-09-02,error_4O4
Python黑科技—暴力破解邻居家wifi密码,2.2万,23,2019-06-25,逻辑python院
Python75行代码实现俄罗斯方块游戏-完整代码教程,1.3万,23,2019-06-12,Trix_
"Python85行代码实现俄罗斯方块游戏!史上最简代码,无lambda高级函数!",2.0万,40,2019-06-11,Trix_
词云可视化：四行Python代码轻松上手到精通,1.4万,116,2019-05-29,同济子豪兄
玩转OpenCV人脸识别【子豪兄OpenCV-Python教程】,2.0万,83,2019-05-17,同济子豪兄
python自动扫雷“AI”，见过1.43s完成的高级吗,3.0万,26,2019-05-01,wdbg97
如何在Windows 10下载和安装Python 3.7,4.5万,127,2018-11-30,兰笛书生
【绘图篇】《极客Python之效率革命》（小甲鱼）,3.6万,202,2018-10-26,鱼C-小甲鱼
Python（老男孩全栈）Flask全套组件及原理剖析,5.1万,371,2018-05-07,CatorJ
【散沙】81分钟！Python基础系列教程,6.5万,857,2016-04-18,散沙PythonPlayer
Python爬虫-微博评论-青春有你-用户位置地理可视化,202,1,2020-03-30,龙王山小青椒
滑稽哥自学python一个月，连肝三天终于写出来了滑稽,99,2,2020-04-02,仙半仙仙
小姐姐教你用python把全网美女图片一键保存到自己电脑里（超简单的百度图片爬虫教程）,356,4,2020-03-25,我是可爱丸
Python3.5零基础高级完整项目剖析教程（共27周）,868,0,2020-03-10,蝶科技
Python爬虫教程，爬取全书网小说，让你免流量一览全书,833,32,2020-03-08,极客夜读
Python自动化操作PPT,1311,0,2020-03-08,老王家的王小白
如何用Python实现简单的图文识别,2273,1,2020-03-05,CodeWuRen
我用Python爬取了流放之路的交易网,2107,6,2020-03-03,花生研究员
Python数据分析,3349,12,2020-02-09,昕哥课堂
Python爬虫从入门到高级实战精品课,2497,1,2020-01-20,星月12345678
Python爬虫实战教程：教你用Python爬取某看视频网站动态视频数据并保存到本地,4530,43,2020-01-15,python学习者
2019-Python-全能工程师网络班(新),3624,11,2019-12-29,你的学习书单
【计算机二级】Python语言入门零基础视频,5070,111,2019-12-20,blankjee
【最全爬虫教程】2019千锋Python爬虫全套视频（最经典）,7338,3,2019-10-22,Python与人工智能
python从入门到实践，新手必看！ 【老男孩python2019全集】,1.5万,29,2019-07-08,老男孩IT
数据分析和人工智能教程全套【2019千锋Python】（1-80集）,1.3万,41,2019-07-08,GalileoHua
【python爬虫_从入门到精通（基础篇）】http协议、requests库、beautifulsoup库、正则表达式、存取、lxml、xpath、css选择器,1.3万,408,2019-07-03,luvm的小屋
马哥 Python 实战教程：Python Django 从零学会写网站（持续更新）,1.4万,12,2019-06-17,马哥高薪IT实战
【数据结构与算法】Python数据结构与算法（精讲版）,2.4万,217,2019-03-14,自学IT的工程狮
程序员如何利用python分析股票赚钱，基于python开发了股票分析应用,2.5万,16,2019-03-03,山东好汉2018
全国计算机二级Python科目真题操作题部分讲解,2.1万,428,2019-02-22,悦焱
【课程】从Python到TensorFlow，精通深度学习,4.5万,78,2017-09-14,暗中偷猫
【代码精讲】Python我的第一个小游戏,40,13,2020-04-04,代码精讲_阿宇
五分钟力扣 Leetcode 第16题 最接近的三数之和 Python入门算法刷题两种解法 从41%提升到99%全过程,6,0,2020-04-06,五分钟力扣ykhuang
【University of Michigan】适用于每个人的Python教学,758,0,2020-03-19,啥都会一点的研究生
2020千锋逆战班——Python直播体验课,1299,6,2020-03-14,千锋教育
Python400集第四季,1238,0,2020-03-05,尚学堂官方
【开奖】WOE送Switch，用Python来一次较为硬核的抽奖,2628,8,2020-03-03,心态贼好的小庄Sir
（毕设）python实现信息管理系统，可以当做毕设，一个综合项目，可以学到很多的知识,2701,0,2020-03-02,一天不写程序难受
python和C++实现模拟键鼠操作实测说明【300英雄】,2320,8,2020-02-27,Love丶伊卡洛斯
Python从入门到精通【19天全】- 2019,2531,13,2020-02-25,子陌-
Python数据处理：请求疫情API，生成城市词云,2029,21,2020-02-18,麦叔编程
python知名GitHub项目介绍（包含图像识别，算法，区域链）,3008,5,2020-02-01,python_economy
【千锋】Python视频教程-Django全套（强烈推荐）,2980,4,2020-02-01,学IT的小暖
【#3.9.8】现学python给大家抽奖的阿萨或许是鉴,2870,11,2020-01-21,阿萨Aza
python必学_4天学会python量化交易,3342,3,2020-01-18,快乐学习的代码狗
国家精品公开课——Python网络爬虫与信息提取,4086,29,2019-12-31,机器学习与Python实战
[工具篇] 日常报表之python读写excel,5945,4,2019-12-24,路飞学城小媛老师
2019千锋Python爬虫全套视频（最经典）,4186,6,2019-12-12,佐藤Edward
【麻省理工学院】Python编程和计算机科学导论公开课（中英字幕）,3848,1,2019-12-05,Python与人工智能
python数据分析与机器学习实战,4831,3,2019-11-28,Panthera_Leo
台湾高校老师讲解《Python for Data Analysis》 -- part02,7629,14,2019-10-04,股神回忆录
Python数据分析实例讲解 最经典数据分析演示 链家房产成交分析,7734,0,2019-10-03,人工智能课程
3倍速 Python Web 体系课 | 更高效更踏实，2019 全新录制,8267,13,2019-09-30,麻瓜编程
【李兴华带你玩编程】Python小白教程,1.5万,110,2019-09-23,YOOTK沐言优拓
零基础学Python:教你一节课制作一个简单的学生信息管理系统,1.0万,6,2019-09-22,python学习者
27周学完python自动化-第九周,8032,2,2019-09-22,小渔学长
27周学完python自动化-第四周,9303,5,2019-08-13,小渔学长
Python从入门到进阶的那些事,1.2万,26,2019-07-20,程序小样
Python从入门到精通,3.1万,196,2019-01-23,有毒的疾风
Python黑客有多厉害？只要你的手机连了他的WIFI就能控制你的手机！,3.3万,38,2018-12-08,Python编程语言
【油管搬运】Learn Python - 学习Python - 初学者全程（4小时720p完整版）,2.0万,453,2018-12-06,拿着叉子的闰土
【编程开发】清华大牛尹成python分布式爬虫（完结）,3.4万,141,2018-09-09,逆风微笑的程序猿
嵩天教授的Python数据分析与展示课程,4.2万,854,2018-02-26,zhangpeter
up为研究玄学，竟自学python半个月编写倒立摆模拟器,198,0,2020-03-30,云端FFF
python3爬虫从入门到精通,542,3,2020-03-21,安替-AnTi
python+selenium软件测试 自动化 项目实战（web自动化，功能自动化，UI自动化）,997,2,2020-03-16,桃子软件测试
全民一起玩Python 基础篇+提高篇,1290,0,2020-03-09,蝶科技
【Python教程】输出 - print,1646,1,2020-03-07,__huhu__
利用Python实现目标监控，这样的神奇技术你见过吗？,1403,5,2020-03-06,Python编程语言
【Python】从入门到金融实战 上海财经大学,1392,3,2020-02-26,一股清流君
python基础 如何安装与使用Anaconda jupyter notebook,2795,11,2020-02-23,绥绥葭
OpenCV计算机视觉实战(Python版),1885,13,2020-02-20,萧曵__
扒一扒Python发展史_程序猿也未必知道,1625,39,2020-02-18,心宇三三
老男孩Python全栈工程师第24期,2389,22,2020-02-16,三秋叶123
2020年新Python编程系统性基础入门20讲完结版课,2284,5,2020-02-12,蓝精灵永恒
#python# python数据分析(全),1928,1,2020-02-09,自学IT的工程狮
【Python】手写数字识别，用TensorFlow实现最简单的卷积神经网络,2627,4,2020-02-07,52Hz_的鲸
Python 3.8 安装详解 | 选项怎么选？安装结果都有哪些文件？,3329,7,2020-02-02,DavyCloud
27-Python进阶（上）,5702,0,2020-01-27,热血影视剧
【汉言】当我们在学Python时，我们究竟在满足什么？,4183,5,2020-01-19,Cheng汉桑
Python &amp; Sklearn 支持向量机SVM理论与实例（基础）,4281,74,2020-01-14,元气小南瓜
python3数据分析与挖掘实战,2531,25,2020-01-13,Iammyself001
【更新中/Python教程】Python语言程序设计，和up一起玩Python！（幽蓝伊梦）,2406,14,2020-01-10,幽蓝伊梦
Python程序员打开新年的方法 - 开发1个时钟小应用,4668,16,2020-01-03,麦叔编程
【Python】如何安装Python运行环境（详细解释过程）,5062,12,2019-12-18,__huhu__
【尚学堂.百战程序员】2019年最新高淇python400集,6577,35,2019-12-12,爱分享的小宅
六小时带你实战Python爬虫,4433,41,2019-12-03,IT网红
Python零基础入门学习（SiKi学院）飞机大战 - 第九季,5200,196,2019-11-29,siki学院
Python零基础入门学习（SiKi学院）文件操作和异常处理 - 第八季,5077,74,2019-11-10,siki学院
Python机器学习应用[北京理工大学][礼欣、嵩天],8815,58,2019-11-04,我也来到二次元
2019全新Python全栈+自动化+爬虫+数据分析+go区块链+AI全能高薪工程师课程,7301,1,2019-10-14,码小菲
【编程基本功】什么是强/弱类型，动态/静态类型语言？| Python是什么类型？| Javascript呢？| 程序员 | IT | 编程,9560,38,2019-09-29,是落拓呀
Python+人工智能就业班⑦：Python网络爬虫基础+进阶+Scrapy框架项目实战,1.3万,183,2019-08-18,真全栈程序员
剑指offer（Python版本）-数据结构与算法,1.1万,30,2019-08-09,My_kingroad
人生苦短快用Python之玩转Excel,1.3万,9,2019-08-03,序员说
2019 Python黑客编程：安全工具开发,8458,11,2019-07-15,爱笑的程序狗
【白金级】Python入门教程,9479,10,2019-07-07,一只学弱狗
给我一个QQ号或者手机号，我就能用Python查到你的地址！,2.0万,11,2019-06-01,python数据分析
自动化测试-selenium（python版）,1.9万,142,2019-05-31,爱笑的程序狗
传智播客/黑马程序员-数据结构与算法全套精讲(python版),1.8万,26,2019-04-26,神奇的弟弟inty
Linux 简易教学 (机器学习/深度学习 莫烦 Python 教程),5.7万,305,2017-11-03,莫烦Python
Python爬虫开发思维，学会90%的网站直接无视,5.1万,1033,2017-07-29,嗨学Python
【千锋教育】python-2020最新培训视频-mysql,70,0,2020-04-03,无痕天然呆
【Python】LeetCode 210. Course Schedule II 中文解释,142,0,2020-04-02,happygirlzt
Python 入门教学课程（全26集）--台大彭彭老师制作,89,0,2020-04-03,坡哥123
没有方向，不知道如何学习？2020最全的Python学习路线都在这里了（含学习教程）,33,0,2020-04-03,勉强是锦鲤哦
Python爬虫教程：微博数据采集,377,2,2020-03-27,Python编程语言
Python开发教程：颜值检测为你心目中的女神进行打分，再也不用担心因点评而感到焦虑,147,0,2020-04-02,极客夜读
Python爬虫教程：Scrapy采集三国小说！,264,3,2020-03-31,Python编程语言
掌握Python爬虫视频，简单入门,9,0,2020-04-05,博仙_努力奋斗
【教程】教你如何编程让好基友优雅地说出“我是傻*”（基于python）,156,0,2020-03-30,一摩尔大米君
【不可能学不会的python教程】02python的元组数组以及字典的操作,328,12,2020-03-25,浪晋的测试小讲堂
Python可视化50图,486,0,2020-03-23,萧曵__
Python3数据分析与挖掘建模实战,879,3,2020-03-10,colorli
Python编程表白 我被撩的老脸通红,1468,12,2020-03-07,胶皮睿
游戏引擎学习心得之开篇废话：Scratch、GameMaker、Unity、Godot和Python写弹球小游戏是个什么体验？,1763,2,2020-03-07,微光照前行
Python入门学习,1075,0,2020-03-05,Python与人工智能
Python数据分析0-100,1283,0,2020-02-25,yxqmolly0615
小白必看 - python的学前准备,2022,7,2020-02-22,i数据的程序猿
Django+Python环境搭建和Mysql连接,2204,6,2020-02-17,Mike高
Python3.7 36讲零基础速成,2088,5,2020-02-13,自渡k-
2019千锋Python爬虫全套视频（最经典）,1637,1,2020-02-11,快乐学习的代码狗
一节课拿下python爬虫， 爬取男生喜欢的图片，嘿嘿嘿 （python爬虫基础速学实战）,4050,152,2020-01-19,IT-哆哆
Python统计分析基础讲解（描述性统计分析/假设检验/卡方分析和方差分析/相关分析）,3180,4,2020-01-04,云开见明教育科技
【尹成学院】最新python 机器学习与数据挖掘的项目实战（完）,6268,3,2019-10-11,逆风微笑的代码狗
Python/Python开发/Python入门/Python学习/Python编程/Python基础,8571,4,2019-08-14,马哥高薪IT实战
Python全栈从入门到精通,9920,13,2019-07-16,视学算法
【python教程】通用爬虫模块使用——requests库、selenium库、正则表达式、动态爬取html网页,1.4万,240,2019-06-27,luvm的小屋
【Python】PyAutoGUI - 注意了，该写个游戏辅助了！,1.1万,64,2019-06-08,小马视频
企业级开发那些事儿 |大公司是如何做信息安全管理的 |程序员注意事项 |Java/Python/C语言/C++等项目管理,1.3万,197,2019-05-19,CodeSheep
北京理工 国家精品《Python语言程序设计 》如果对你有帮助，记得收藏、点赞、投币支持一下哦！！,1.3万,59,2019-04-26,愚甘杂货铺
一节课教你用Python打造一个简单的信息管理系统,2.2万,60,2019-03-25,python学习者
自从学会python后，我看电影再也没有用过VIP（附代码）,2.8万,26,2018-12-08,17874151655_bili
【视频教程】liao雪峰-python-基础教程（共259集，分三次上传，侵删）（中）,2.5万,121,2018-11-17,我肛肛好
【合集】计算机科学和Python编程导论---美国麻省理工学院MIT---计算机入门课程---2016年秋季学期,2.5万,129,2018-07-29,123小棕熊
【Git教程】《极客Python之Git实用教程》（小甲鱼）,3.0万,421,2018-07-26,鱼C-小甲鱼
Threading 学会多线程 (莫烦 Python 教程),5.5万,600,2017-12-04,莫烦Python
Python黑客基础3：zip文件暴力破解（我是谁，我在哪？）,4.0万,352,2017-07-04,王子饼干___
如何开发音频驱动？用python成吗？,211,0,2020-03-31,丁哥开讲
